{
  "success": "true",
  "legal": "By using this data, you agree to the terms at https://nomadlist.com/legal. Mostly don't use it for commercial purposes without permission and always link back please!",
  "photo": "https://nomadlist.com/cdn-cgi/image/format=auto,fit=cover,width=500,height=500/https://nomadlist.com/assets/img/users/878e76f55c16be3b4b9c2fcaa2b50d74.jpg?1619384585",
  "username": "@curtis",
  "location": {
    "now": {
      "city": "Geneva",
      "country": "Switzerland",
      "country_code": "CH",
      "latitude": 46.1983922,
      "longitude": 6.1422961,
      "epoch_start": 1690416000,
      "epoch_end": 1691020800,
      "date_start": "2023-07-27",
      "date_end": "2023-08-03",
      "place_photo": "https://nomadlist.com/cdn-cgi/image/format=auto,fit=cover,width=100,height=100/https://nomadlist.com/assets/img/places/geneva-switzerland.jpg?1642465286"
    },
    "next": {
      "city": "Bordeaux",
      "country": "France",
      "country_code": "FR",
      "latitude": 44.837789,
      "longitude": -0.57918,
      "epoch_start": 1691020800,
      "epoch_end": 1691884800,
      "date_start": "2023-08-03",
      "date_end": "2023-08-13",
      "place_photo": "https://nomadlist.com/cdn-cgi/image/format=auto,fit=cover,width=100,height=100/https://nomadlist.com/assets/img/places/bordeaux-france.jpg?1679619477"
    },
    "previous": {
      "city": "Bern",
      "country": "Switzerland",
      "country_code": "CH",
      "latitude": 46.9479222,
      "longitude": 7.4446085,
      "epoch_start": 1690329600,
      "epoch_end": 1690416000,
      "date_start": "2023-07-26",
      "date_end": "2023-07-27"
    }
  },
  "stats": {
    "cities": 81,
    "countries": 33,
    "followers": 2,
    "following": 1,
    "distance_traveled_km": 211314,
    "distance_traveled_miles": 131304,
    "countries_visited_percentage": 0.17098445595854922,
    "cities_visited_percentage": 0.05921052631578947
  },
  "map": "https://nomadlist.com/screenshot?url=%40curtis%3Fmap_only%3Dtrue%26key%3D6115f22057432ec465ddd76ff3f243ad&width=1200&height=600&wait_until_dom=true&cachebuster=2023-08",
  "trips": [
    {
      "epoch_start": 1691884800,
      "epoch_end": 1693267200,
      "date_start": "2023-08-13",
      "date_end": "2023-08-29",
      "length": "15 days",
      "epoch_duration": 1382400,
      "place": "Istanbul",
      "place_slug": "istanbul",
      "place_long_slug": "istanbul-turkey",
      "place_url": "https://nomadlist.com/istanbul-turkey",
      "place_photo": "https://nomadlist.com/cdn-cgi/image/format=auto,fit=cover,width=100,height=100/https://nomadlist.com/assets/img/places/istanbul-turkey.jpg?1679875361",
      "country": "Turkey",
      "country_code": "TR",
      "country_slug": "turkey",
      "latitude": 41.00527,
      "longitude": 28.97696,
      "trip_id": "1690923104bfbf9e320492efed6f6e068a3c686ed83c4b0b51"
    },
    {
      "epoch_start": 1691020800,
      "epoch_end": 1691884800,
      "date_start": "2023-08-03",
      "date_end": "2023-08-13",
      "length": "9 days",
      "epoch_duration": 864000,
      "place": "Bordeaux",
      "place_slug": "bordeaux",
      "place_long_slug": "bordeaux-france",
      "place_url": "https://nomadlist.com/bordeaux-france",
      "place_photo": "https://nomadlist.com/cdn-cgi/image/format=auto,fit=cover,width=100,height=100/https://nomadlist.com/assets/img/places/bordeaux-france.jpg?1679619477",
      "country": "France",
      "country_code": "FR",
      "country_slug": "france",
      "latitude": 44.837789,
      "longitude": -0.57918,
      "trip_id": "1690922223ed68fe4d5280462395453247e6a2e6ea7991c546"
    },
    {
      "epoch_start": 1690416000,
      "epoch_end": 1691020800,
      "date_start": "2023-07-27",
      "date_end": "2023-08-03",
      "length": "6 days",
      "epoch_duration": 604800,
      "place": "Geneva",
      "place_slug": "geneva",
      "place_long_slug": "geneva-switzerland",
      "place_url": "https://nomadlist.com/geneva-switzerland",
      "place_photo": "https://nomadlist.com/cdn-cgi/image/format=auto,fit=cover,width=100,height=100/https://nomadlist.com/assets/img/places/geneva-switzerland.jpg?1642465286",
      "country": "Switzerland",
      "country_code": "CH",
      "country_slug": "switzerland",
      "latitude": 46.1983922,
      "longitude": 6.1422961,
      "trip_id": "16903127568b0e13aa742aba63f727e958604e9f0eb1d6b183"
    },
    {
      "epoch_start": 1690329600,
      "epoch_end": 1690416000,
      "date_start": "2023-07-26",
      "date_end": "2023-07-27",
      "length": "23 hours",
      "epoch_duration": 86400,
      "place": "Bern",
      "place_slug": "bern",
      "place_long_slug": "bern-switzerland",
      "place_url": "https://nomadlist.com/bern-switzerland",
      "place_photo": "https://nomadlist.com/cdn-cgi/image/format=auto,fit=cover,width=100,height=100/https://nomadlist.com/assets/img/places/bern-switzerland.jpg?1642465147",
      "country": "Switzerland",
      "country_code": "CH",
      "country_slug": "switzerland",
      "latitude": 46.9479222,
      "longitude": 7.4446085,
      "trip_id": "1690278386bdb25338dd72bf68ade1ec0902ca2f82a24c4573"
    },
    {
      "epoch_start": 1690243200,
      "epoch_end": 1690329600,
      "date_start": "2023-07-25",
      "date_end": "2023-07-26",
      "length": "23 hours",
      "epoch_duration": 86400,
      "place": "Strasbourg",
      "place_slug": "strasbourg",
      "place_long_slug": "strasbourg-france",
      "place_url": "https://nomadlist.com/strasbourg-france",
      "place_photo": "https://nomadlist.com/cdn-cgi/image/format=auto,fit=cover,width=100,height=100/https://nomadlist.com/assets/img/places/strasbourg-france.jpg?1683763414",
      "country": "France",
      "country_code": "FR",
      "country_slug": "france",
      "latitude": 48.5690922,
      "longitude": 7.6920543,
      "trip_id": "1690029641387c643942b1d05d4f22e88ce6ee6a15b6e69dea"
    },
    {
      "epoch_start": 1690156800,
      "epoch_end": 1690243200,
      "date_start": "2023-07-24",
      "date_end": "2023-07-25",
      "length": "23 hours",
      "epoch_duration": 86400,
      "place": "Nancy",
      "place_slug": null,
      "place_long_slug": null,
      "place_url": null,
      "place_photo": "https://nomadlist.com/cdn-cgi/image/format=auto,fit=cover,width=100,height=100/https://nomadlist.com/assets/img/places/france.jpg?1679620440",
      "country": "France",
      "country_code": "FR",
      "country_slug": "france",
      "latitude": 48.693722,
      "longitude": 6.18341,
      "trip_id": "1690029635999c6c0fe5e44fd7310b44edb09af89abe092996"
    },
    {
      "epoch_start": 1690070400,
      "epoch_end": 1690156800,
      "date_start": "2023-07-23",
      "date_end": "2023-07-24",
      "length": "23 hours",
      "epoch_duration": 86400,
      "place": "Paris",
      "place_slug": "paris",
      "place_long_slug": "paris-france",
      "place_url": "https://nomadlist.com/paris-france",
      "place_photo": "https://nomadlist.com/cdn-cgi/image/format=auto,fit=cover,width=100,height=100/https://nomadlist.com/assets/img/places/paris-france.jpg?1679618837",
      "country": "France",
      "country_code": "FR",
      "country_slug": "france",
      "latitude": 48.856614,
      "longitude": 2.3522219,
      "trip_id": "1690029629519247b9b4ddf57efc021c89e9cc755ed712aed6"
    },
    {
      "epoch_start": 1689811200,
      "epoch_end": 1690070400,
      "date_start": "2023-07-20",
      "date_end": "2023-07-23",
      "length": "2 days",
      "epoch_duration": 259200,
      "place": "Kenmare",
      "place_slug": null,
      "place_long_slug": null,
      "place_url": null,
      "place_photo": "https://nomadlist.com/cdn-cgi/image/format=auto,fit=cover,width=100,height=100/https://nomadlist.com/assets/img/places/ireland.jpg?1679620488",
      "country": "Ireland",
      "country_code": "IE",
      "country_slug": "ireland",
      "latitude": 51.879043,
      "longitude": -9.582638,
      "trip_id": "1688652846cee603b46264ce5d8a7e74d68b4accff9b4237ea"
    },
    {
      "epoch_start": 1689552000,
      "epoch_end": 1689811200,
      "date_start": "2023-07-17",
      "date_end": "2023-07-20",
      "length": "2 days",
      "epoch_duration": 259200,
      "place": "Tralee",
      "place_slug": null,
      "place_long_slug": null,
      "place_url": null,
      "place_photo": "https://nomadlist.com/cdn-cgi/image/format=auto,fit=cover,width=100,height=100/https://nomadlist.com/assets/img/places/ireland.jpg?1679620488",
      "country": "Ireland",
      "country_code": "IE",
      "country_slug": "ireland",
      "latitude": 52.269284,
      "longitude": -9.705409,
      "trip_id": "1688652838c307adb6eece8ed52a24b731b8869408062038ad"
    },
    {
      "epoch_start": 1689206400,
      "epoch_end": 1689465600,
      "date_start": "2023-07-13",
      "date_end": "2023-07-16",
      "length": "2 days",
      "epoch_duration": 259200,
      "place": "New York City",
      "place_slug": "new-york-city",
      "place_long_slug": "new-york-city-ny-united-states",
      "place_url": "https://nomadlist.com/new-york-city-ny-united-states",
      "place_photo": "https://nomadlist.com/cdn-cgi/image/format=auto,fit=cover,width=100,height=100/https://nomadlist.com/assets/img/places/new-york-city-ny-united-states.jpg?1688256130",
      "country": "United States",
      "country_code": "US",
      "country_slug": "united-states",
      "latitude": 40.7127837,
      "longitude": -74.0059413,
      "trip_id": "16889413730c28e1d59c3ca07047e01105a30d48879d7cdd49"
    },
    {
      "epoch_start": 1686355200,
      "epoch_end": 1689206400,
      "date_start": "2023-06-10",
      "date_end": "2023-07-13",
      "length": "1 month",
      "epoch_duration": 2851200,
      "place": "Maryland",
      "place_slug": null,
      "place_long_slug": null,
      "place_url": null,
      "place_photo": "https://nomadlist.com/cdn-cgi/image/format=auto,fit=cover,width=100,height=100/https://nomadlist.com/assets/img/places/united-states.jpg?1642529757",
      "country": "United States",
      "country_code": "US",
      "country_slug": "united-states",
      "latitude": 39.4780636707791,
      "longitude": -76.8536374638244,
      "trip_id": "1688941381c5c614b8b7c79f2149cda88546bba841d7d2fd88"
    },
    {
      "epoch_start": 1686096000,
      "epoch_end": 1686355200,
      "date_start": "2023-06-07",
      "date_end": "2023-06-10",
      "length": "2 days",
      "epoch_duration": 259200,
      "place": "Boston",
      "place_slug": "boston",
      "place_long_slug": "boston-ma-united-states",
      "place_url": "https://nomadlist.com/boston-ma-united-states",
      "place_photo": "https://nomadlist.com/cdn-cgi/image/format=auto,fit=cover,width=100,height=100/https://nomadlist.com/assets/img/places/boston-ma-united-states.jpg?1679616978",
      "country": "United States",
      "country_code": "US",
      "country_slug": "united-states",
      "latitude": 42.3600825,
      "longitude": -71.0588801,
      "trip_id": "16861508448bef00f006d719593d366a1d51910a6604dd5240"
    },
    {
      "epoch_start": 1685836800,
      "epoch_end": 1686096000,
      "date_start": "2023-06-04",
      "date_end": "2023-06-07",
      "length": "2 days",
      "epoch_duration": 259200,
      "place": "Maryland",
      "place_slug": null,
      "place_long_slug": null,
      "place_url": null,
      "place_photo": "https://nomadlist.com/cdn-cgi/image/format=auto,fit=cover,width=100,height=100/https://nomadlist.com/assets/img/places/united-states.jpg?1642529757",
      "country": "United States",
      "country_code": "US",
      "country_slug": "united-states",
      "latitude": 39.4780636707791,
      "longitude": -76.8536374638244,
      "trip_id": "16861508290578de4e28e5b7a6e246d5846153fbe1b390b8cb"
    },
    {
      "epoch_start": 1685577600,
      "epoch_end": 1685836800,
      "date_start": "2023-06-01",
      "date_end": "2023-06-04",
      "length": "2 days",
      "epoch_duration": 259200,
      "place": "Richmond",
      "place_slug": "richmond",
      "place_long_slug": "richmond-va-united-states",
      "place_url": "https://nomadlist.com/richmond-va-united-states",
      "place_photo": "https://nomadlist.com/cdn-cgi/image/format=auto,fit=cover,width=100,height=100/https://nomadlist.com/assets/img/places/richmond-va-united-states.jpg?1679617235",
      "country": "United States",
      "country_code": "US",
      "country_slug": "united-states",
      "latitude": 37.5407246,
      "longitude": -77.4360481,
      "trip_id": "167983826622a79ab479bb34b019b7380c1652eb76c45007a7"
    },
    {
      "epoch_start": 1685404800,
      "epoch_end": 1685577600,
      "date_start": "2023-05-30",
      "date_end": "2023-06-01",
      "length": "1 day",
      "epoch_duration": 172800,
      "place": "New York City",
      "place_slug": "new-york-city",
      "place_long_slug": "new-york-city-ny-united-states",
      "place_url": "https://nomadlist.com/new-york-city-ny-united-states",
      "place_photo": "https://nomadlist.com/cdn-cgi/image/format=auto,fit=cover,width=100,height=100/https://nomadlist.com/assets/img/places/new-york-city-ny-united-states.jpg?1688256130",
      "country": "United States",
      "country_code": "US",
      "country_slug": "united-states",
      "latitude": 40.7127837,
      "longitude": -74.0059413,
      "trip_id": "1684340100fcbf646e27b294f61aa9978d0ccc380f40fc96c3"
    },
    {
      "epoch_start": 1684800000,
      "epoch_end": 1685404800,
      "date_start": "2023-05-23",
      "date_end": "2023-05-30",
      "length": "6 days",
      "epoch_duration": 604800,
      "place": "Rome",
      "place_slug": "rome",
      "place_long_slug": "rome-italy",
      "place_url": "https://nomadlist.com/rome-italy",
      "place_photo": "https://nomadlist.com/cdn-cgi/image/format=auto,fit=cover,width=100,height=100/https://nomadlist.com/assets/img/places/rome-italy.jpg?1686010498",
      "country": "Italy",
      "country_code": "IT",
      "country_slug": "italy",
      "latitude": 41.8723889,
      "longitude": 12.4801802,
      "trip_id": "168233175549a7ddf1a8f07d8ccba602b42254fd62a9532d29"
    },
    {
      "epoch_start": 1684195200,
      "epoch_end": 1684800000,
      "date_start": "2023-05-16",
      "date_end": "2023-05-23",
      "length": "6 days",
      "epoch_duration": 604800,
      "place": "Athens",
      "place_slug": "athens",
      "place_long_slug": "athens-greece",
      "place_url": "https://nomadlist.com/athens-greece",
      "place_photo": "https://nomadlist.com/cdn-cgi/image/format=auto,fit=cover,width=100,height=100/https://nomadlist.com/assets/img/places/athens-greece.jpg?1679357121",
      "country": "Greece",
      "country_code": "GR",
      "country_slug": "greece",
      "latitude": 37.983917,
      "longitude": 23.7293599,
      "trip_id": "1682331723c6af5656face92667ae8aedba8f3e5b60e9062f5"
    },
    {
      "epoch_start": 1683763200,
      "epoch_end": 1684195200,
      "date_start": "2023-05-11",
      "date_end": "2023-05-16",
      "length": "4 days",
      "epoch_duration": 432000,
      "place": "Sofia",
      "place_slug": "sofia",
      "place_long_slug": "sofia-bulgaria",
      "place_url": "https://nomadlist.com/sofia-bulgaria",
      "place_photo": "https://nomadlist.com/cdn-cgi/image/format=auto,fit=cover,width=100,height=100/https://nomadlist.com/assets/img/places/sofia-bulgaria.jpg?1675438234",
      "country": "Bulgaria",
      "country_code": "BG",
      "country_slug": "bulgaria",
      "latitude": 42.6977082,
      "longitude": 23.3218675,
      "trip_id": "1682331685a7243c63bd885661c63f46ba28316370e86df759"
    },
    {
      "epoch_start": 1683158400,
      "epoch_end": 1683763200,
      "date_start": "2023-05-04",
      "date_end": "2023-05-11",
      "length": "6 days",
      "epoch_duration": 604800,
      "place": "Vienna",
      "place_slug": "vienna",
      "place_long_slug": "vienna-austria",
      "place_url": "https://nomadlist.com/vienna-austria",
      "place_photo": "https://nomadlist.com/cdn-cgi/image/format=auto,fit=cover,width=100,height=100/https://nomadlist.com/assets/img/places/vienna-austria.jpg?1679790400",
      "country": "Austria",
      "country_code": "AT",
      "country_slug": "austria",
      "latitude": 48.2081743,
      "longitude": 16.3738189,
      "trip_id": "1682003833522e1bb99f5cc0c237dcf150c800910715a2f103"
    },
    {
      "epoch_start": 1682553600,
      "epoch_end": 1683158400,
      "date_start": "2023-04-27",
      "date_end": "2023-05-04",
      "length": "6 days",
      "epoch_duration": 604800,
      "place": "Amsterdam",
      "place_slug": "amsterdam",
      "place_long_slug": "amsterdam-netherlands",
      "place_url": "https://nomadlist.com/amsterdam-netherlands",
      "place_photo": "https://nomadlist.com/cdn-cgi/image/format=auto,fit=cover,width=100,height=100/https://nomadlist.com/assets/img/places/amsterdam-netherlands.jpg?1643155472",
      "country": "Netherlands",
      "country_code": "NL",
      "country_slug": "netherlands",
      "latitude": 52.376884,
      "longitude": 4.907764,
      "trip_id": "1682003816b5ef0023b926486c438dfa8caa1e92a89fb67487"
    },
    {
      "epoch_start": 1682294400,
      "epoch_end": 1682553600,
      "date_start": "2023-04-24",
      "date_end": "2023-04-27",
      "length": "2 days",
      "epoch_duration": 259200,
      "place": "Antwerp",
      "place_slug": "antwerp",
      "place_long_slug": "antwerp-belgium",
      "place_url": "https://nomadlist.com/antwerp-belgium",
      "place_photo": "https://nomadlist.com/cdn-cgi/image/format=auto,fit=cover,width=100,height=100/https://nomadlist.com/assets/img/places/antwerp-belgium.jpg?1679791662",
      "country": "Belgium",
      "country_code": "BE",
      "country_slug": "belgium",
      "latitude": 51.2194475,
      "longitude": 4.4024643,
      "trip_id": "1681663427f166a29c5c2efd92d1baa46e073e305cf7706457"
    },
    {
      "epoch_start": 1682035200,
      "epoch_end": 1682294400,
      "date_start": "2023-04-21",
      "date_end": "2023-04-24",
      "length": "2 days",
      "epoch_duration": 259200,
      "place": "Luxembourg",
      "place_slug": "luxembourg",
      "place_long_slug": "luxembourg-luxembourg",
      "place_url": "https://nomadlist.com/luxembourg-luxembourg",
      "place_photo": "https://nomadlist.com/cdn-cgi/image/format=auto,fit=cover,width=100,height=100/https://nomadlist.com/assets/img/places/luxembourg-luxembourg.jpg?1688775588",
      "country": "Luxembourg",
      "country_code": "LU",
      "country_slug": "luxembourg",
      "latitude": 49.611621,
      "longitude": 6.1319346,
      "trip_id": "1679926877e2a0d065de8b24ddf5a0663a21e6c0343b0cd9ec"
    },
    {
      "epoch_start": 1681776000,
      "epoch_end": 1682035200,
      "date_start": "2023-04-18",
      "date_end": "2023-04-21",
      "length": "2 days",
      "epoch_duration": 259200,
      "place": "Brussels",
      "place_slug": "brussels",
      "place_long_slug": "brussels-belgium",
      "place_url": "https://nomadlist.com/brussels-belgium",
      "place_photo": "https://nomadlist.com/cdn-cgi/image/format=auto,fit=cover,width=100,height=100/https://nomadlist.com/assets/img/places/brussels-belgium.jpg?1686614931",
      "country": "Belgium",
      "country_code": "BE",
      "country_slug": "belgium",
      "latitude": 50.8503396,
      "longitude": 4.3517103,
      "trip_id": "16799268616bb3b4484488c2888364535881281bae02beb2bc"
    },
    {
      "epoch_start": 1680566400,
      "epoch_end": 1681776000,
      "date_start": "2023-04-04",
      "date_end": "2023-04-18",
      "length": "13 days",
      "epoch_duration": 1209600,
      "place": "London",
      "place_slug": "london",
      "place_long_slug": "london-united-kingdom",
      "place_url": "https://nomadlist.com/london-united-kingdom",
      "place_photo": "https://nomadlist.com/cdn-cgi/image/format=auto,fit=cover,width=100,height=100/https://nomadlist.com/assets/img/places/london-united-kingdom.jpg?1688688134",
      "country": "United Kingdom",
      "country_code": "UK",
      "country_slug": "united-kingdom",
      "latitude": 51.5073509,
      "longitude": -0.1277583,
      "trip_id": "1679926804189bcf1079ceb4e10d26eb6fa07f922d88929263"
    },
    {
      "epoch_start": 1680134400,
      "epoch_end": 1680566400,
      "date_start": "2023-03-30",
      "date_end": "2023-04-04",
      "length": "4 days",
      "epoch_duration": 432000,
      "place": "New York City",
      "place_slug": "new-york-city",
      "place_long_slug": "new-york-city-ny-united-states",
      "place_url": "https://nomadlist.com/new-york-city-ny-united-states",
      "place_photo": "https://nomadlist.com/cdn-cgi/image/format=auto,fit=cover,width=100,height=100/https://nomadlist.com/assets/img/places/new-york-city-ny-united-states.jpg?1688256130",
      "country": "United States",
      "country_code": "US",
      "country_slug": "united-states",
      "latitude": 40.7127837,
      "longitude": -74.0059413,
      "trip_id": "1679583507160ba74a67ccc22c06099b1aef1c354b588dc424"
    },
    {
      "epoch_start": 1679356800,
      "epoch_end": 1680134400,
      "date_start": "2023-03-21",
      "date_end": "2023-03-30",
      "length": "8 days",
      "epoch_duration": 777600,
      "place": "Maryland",
      "place_slug": null,
      "place_long_slug": null,
      "place_url": null,
      "place_photo": "https://nomadlist.com/cdn-cgi/image/format=auto,fit=cover,width=100,height=100/https://nomadlist.com/assets/img/places/united-states.jpg?1642529757",
      "country": "United States",
      "country_code": "US",
      "country_slug": "united-states",
      "latitude": 39.4780636707791,
      "longitude": -76.8536374638244,
      "trip_id": "16795834901ef28a51353078d63c9858dbee668abe43ac1c64"
    },
    {
      "epoch_start": 1678492800,
      "epoch_end": 1679356800,
      "date_start": "2023-03-11",
      "date_end": "2023-03-21",
      "length": "9 days",
      "epoch_duration": 864000,
      "place": "Keystone",
      "place_slug": null,
      "place_long_slug": null,
      "place_url": null,
      "place_photo": "https://nomadlist.com/cdn-cgi/image/format=auto,fit=cover,width=100,height=100/https://nomadlist.com/assets/img/places/united-states.jpg?1642529757",
      "country": "United States",
      "country_code": "US",
      "country_slug": "united-states",
      "latitude": 39.607277,
      "longitude": -105.970087,
      "trip_id": "16784835401bd103e697dc8a3648045dbca428a13bbbad26f1"
    },
    {
      "epoch_start": 1678147200,
      "epoch_end": 1678492800,
      "date_start": "2023-03-07",
      "date_end": "2023-03-11",
      "length": "3 days",
      "epoch_duration": 345600,
      "place": "Nederland",
      "place_slug": null,
      "place_long_slug": null,
      "place_url": null,
      "place_photo": "https://nomadlist.com/cdn-cgi/image/format=auto,fit=cover,width=100,height=100/https://nomadlist.com/assets/img/places/united-states.jpg?1642529757",
      "country": "United States",
      "country_code": "US",
      "country_slug": "united-states",
      "latitude": 39.961376,
      "longitude": -105.510831,
      "trip_id": "16783135549bc2897d5e651f0b1983cc1676146776a672b453"
    },
    {
      "epoch_start": 1677196800,
      "epoch_end": 1678147200,
      "date_start": "2023-02-24",
      "date_end": "2023-03-07",
      "length": "10 days",
      "epoch_duration": 950400,
      "place": "Salt Lake City",
      "place_slug": "salt-lake-city",
      "place_long_slug": "salt-lake-city-ut-united-states",
      "place_url": "https://nomadlist.com/salt-lake-city-ut-united-states",
      "place_photo": "https://nomadlist.com/cdn-cgi/image/format=auto,fit=cover,width=100,height=100/https://nomadlist.com/assets/img/places/salt-lake-city-ut-united-states.jpg?1679875580",
      "country": "United States",
      "country_code": "US",
      "country_slug": "united-states",
      "latitude": 40.7607793,
      "longitude": -111.8910474,
      "trip_id": "16769190907f9ccf4bdc1a53b8b448fc3f175461b50cce90c4"
    },
    {
      "epoch_start": 1676764800,
      "epoch_end": 1677196800,
      "date_start": "2023-02-19",
      "date_end": "2023-02-24",
      "length": "4 days",
      "epoch_duration": 432000,
      "place": "Boston",
      "place_slug": "boston",
      "place_long_slug": "boston-ma-united-states",
      "place_url": "https://nomadlist.com/boston-ma-united-states",
      "place_photo": "https://nomadlist.com/cdn-cgi/image/format=auto,fit=cover,width=100,height=100/https://nomadlist.com/assets/img/places/boston-ma-united-states.jpg?1679616978",
      "country": "United States",
      "country_code": "US",
      "country_slug": "united-states",
      "latitude": 42.3600825,
      "longitude": -71.0588801,
      "trip_id": "16765907991e48b53b5b2e66441f01562b500a3f7e6d770385"
    },
    {
      "epoch_start": 1676505600,
      "epoch_end": 1676764800,
      "date_start": "2023-02-16",
      "date_end": "2023-02-19",
      "length": "2 days",
      "epoch_duration": 259200,
      "place": "Sugarloaf",
      "place_slug": null,
      "place_long_slug": null,
      "place_url": null,
      "place_photo": "https://nomadlist.com/cdn-cgi/image/format=auto,fit=cover,width=100,height=100/https://nomadlist.com/assets/img/places/united-states.jpg?1642529757",
      "country": "United States",
      "country_code": "US",
      "country_slug": "united-states",
      "latitude": 45.054181,
      "longitude": -70.308511,
      "trip_id": "16765907183300222110696507bbafd2df6c11402011d39797"
    },
    {
      "epoch_start": 1676419200,
      "epoch_end": 1676505600,
      "date_start": "2023-02-15",
      "date_end": "2023-02-16",
      "length": "23 hours",
      "epoch_duration": 86400,
      "place": "Boston",
      "place_slug": "boston",
      "place_long_slug": "boston-ma-united-states",
      "place_url": "https://nomadlist.com/boston-ma-united-states",
      "place_photo": "https://nomadlist.com/cdn-cgi/image/format=auto,fit=cover,width=100,height=100/https://nomadlist.com/assets/img/places/boston-ma-united-states.jpg?1679616978",
      "country": "United States",
      "country_code": "US",
      "country_slug": "united-states",
      "latitude": 42.3600825,
      "longitude": -71.0588801,
      "trip_id": "16765906833bbd5e7da9bcfa7cd5ab579ab7a5851eacbfb3eb"
    },
    {
      "epoch_start": 1672704000,
      "epoch_end": 1676419200,
      "date_start": "2023-01-03",
      "date_end": "2023-02-15",
      "length": "1 month",
      "epoch_duration": 3715200,
      "place": "New York City",
      "place_slug": "new-york-city",
      "place_long_slug": "new-york-city-ny-united-states",
      "place_url": "https://nomadlist.com/new-york-city-ny-united-states",
      "place_photo": "https://nomadlist.com/cdn-cgi/image/format=auto,fit=cover,width=100,height=100/https://nomadlist.com/assets/img/places/new-york-city-ny-united-states.jpg?1688256130",
      "country": "United States",
      "country_code": "US",
      "country_slug": "united-states",
      "latitude": 40.7127837,
      "longitude": -74.0059413,
      "trip_id": "1675807519081d4985ce2f60f4fc553f0bfe6548b308095c1f"
    },
    {
      "epoch_start": 1672012800,
      "epoch_end": 1672704000,
      "date_start": "2022-12-26",
      "date_end": "2023-01-03",
      "length": "7 days",
      "epoch_duration": 691200,
      "place": "Maryland",
      "place_slug": null,
      "place_long_slug": null,
      "place_url": null,
      "place_photo": "https://nomadlist.com/cdn-cgi/image/format=auto,fit=cover,width=100,height=100/https://nomadlist.com/assets/img/places/united-states.jpg?1642529757",
      "country": "United States",
      "country_code": "US",
      "country_slug": "united-states",
      "latitude": 39.4780636707791,
      "longitude": -76.8536374638244,
      "trip_id": "16729689291afdd648b0197949ee412f24828cd6dac60effbd"
    },
    {
      "epoch_start": 1671667200,
      "epoch_end": 1672012800,
      "date_start": "2022-12-22",
      "date_end": "2022-12-26",
      "length": "3 days",
      "epoch_duration": 345600,
      "place": "Boston",
      "place_slug": "boston",
      "place_long_slug": "boston-ma-united-states",
      "place_url": "https://nomadlist.com/boston-ma-united-states",
      "place_photo": "https://nomadlist.com/cdn-cgi/image/format=auto,fit=cover,width=100,height=100/https://nomadlist.com/assets/img/places/boston-ma-united-states.jpg?1679616978",
      "country": "United States",
      "country_code": "US",
      "country_slug": "united-states",
      "latitude": 42.3600825,
      "longitude": -71.0588801,
      "trip_id": "16711971965c15e59c375764dcf70ecf63e3f5a82f261b25d5"
    },
    {
      "epoch_start": 1669248000,
      "epoch_end": 1671667200,
      "date_start": "2022-11-24",
      "date_end": "2022-12-22",
      "length": "27 days",
      "epoch_duration": 2419200,
      "place": "Maryland",
      "place_slug": null,
      "place_long_slug": null,
      "place_url": null,
      "place_photo": "https://nomadlist.com/cdn-cgi/image/format=auto,fit=cover,width=100,height=100/https://nomadlist.com/assets/img/places/united-states.jpg?1642529757",
      "country": "United States",
      "country_code": "US",
      "country_slug": "united-states",
      "latitude": 39.4780636707791,
      "longitude": -76.8536374638244,
      "trip_id": "1671197176217f79841ce607e0f28359e832a7bc98475d2e02"
    },
    {
      "epoch_start": 1668556800,
      "epoch_end": 1669248000,
      "date_start": "2022-11-16",
      "date_end": "2022-11-24",
      "length": "7 days",
      "epoch_duration": 691200,
      "place": "New York City",
      "place_slug": "new-york-city",
      "place_long_slug": "new-york-city-ny-united-states",
      "place_url": "https://nomadlist.com/new-york-city-ny-united-states",
      "place_photo": "https://nomadlist.com/cdn-cgi/image/format=auto,fit=cover,width=100,height=100/https://nomadlist.com/assets/img/places/new-york-city-ny-united-states.jpg?1688256130",
      "country": "United States",
      "country_code": "US",
      "country_slug": "united-states",
      "latitude": 40.7127837,
      "longitude": -74.0059413,
      "trip_id": "16689823177fe06ce471c32306b69ed9a33cce89a3aacf2c6a"
    },
    {
      "epoch_start": 1667347200,
      "epoch_end": 1668556800,
      "date_start": "2022-11-02",
      "date_end": "2022-11-16",
      "length": "13 days",
      "epoch_duration": 1209600,
      "place": "Prague",
      "place_slug": "prague",
      "place_long_slug": "prague-czechia",
      "place_url": "https://nomadlist.com/prague-czechia",
      "place_photo": "https://nomadlist.com/cdn-cgi/image/format=auto,fit=cover,width=100,height=100/https://nomadlist.com/assets/img/places/prague-czechia.jpg?1643587247",
      "country": "Czechia",
      "country_code": "CZ",
      "country_slug": "czechia",
      "latitude": 50.0755381,
      "longitude": 14.4378005,
      "trip_id": "1667158458797a12f252a9fae4d0dd607698766b9a2aca643b"
    },
    {
      "epoch_start": 1666137600,
      "epoch_end": 1667347200,
      "date_start": "2022-10-19",
      "date_end": "2022-11-02",
      "length": "13 days",
      "epoch_duration": 1209600,
      "place": "Copenhagen",
      "place_slug": "copenhagen",
      "place_long_slug": "copenhagen-denmark",
      "place_url": "https://nomadlist.com/copenhagen-denmark",
      "place_photo": "https://nomadlist.com/cdn-cgi/image/format=auto,fit=cover,width=100,height=100/https://nomadlist.com/assets/img/places/copenhagen-denmark.jpg?1675438403",
      "country": "Denmark",
      "country_code": "DK",
      "country_slug": "denmark",
      "latitude": 55.6760968,
      "longitude": 12.5683371,
      "trip_id": "1666251546d886e9a22dd5f819a95b1f08cfe3a6b13e4bcbc8"
    },
    {
      "epoch_start": 1665532800,
      "epoch_end": 1666137600,
      "date_start": "2022-10-12",
      "date_end": "2022-10-19",
      "length": "6 days",
      "epoch_duration": 604800,
      "place": "Tromso",
      "place_slug": "tromso",
      "place_long_slug": "tromso-norway",
      "place_url": "https://nomadlist.com/tromso-norway",
      "place_photo": "https://nomadlist.com/cdn-cgi/image/format=auto,fit=cover,width=100,height=100/https://nomadlist.com/assets/img/places/tromso-norway.jpg?1642724682",
      "country": "Norway",
      "country_code": "NO",
      "country_slug": "norway",
      "latitude": 69.6492047,
      "longitude": 18.9553238,
      "trip_id": "1665853401a9ec2343aaed2afa2770d4730921f91de6b5b369"
    },
    {
      "epoch_start": 1664755200,
      "epoch_end": 1665532800,
      "date_start": "2022-10-03",
      "date_end": "2022-10-12",
      "length": "8 days",
      "epoch_duration": 777600,
      "place": "Oslo",
      "place_slug": "oslo",
      "place_long_slug": "oslo-norway",
      "place_url": "https://nomadlist.com/oslo-norway",
      "place_photo": "https://nomadlist.com/cdn-cgi/image/format=auto,fit=cover,width=100,height=100/https://nomadlist.com/assets/img/places/oslo-norway.jpg?1642529179",
      "country": "Norway",
      "country_code": "NO",
      "country_slug": "norway",
      "latitude": 59.8921328,
      "longitude": 10.7940429,
      "trip_id": "1664905452667db0c8d5ef55ccefc729f5e546056a28838ba0"
    },
    {
      "epoch_start": 1664409600,
      "epoch_end": 1664755200,
      "date_start": "2022-09-29",
      "date_end": "2022-10-03",
      "length": "3 days",
      "epoch_duration": 345600,
      "place": "New York City",
      "place_slug": "new-york-city",
      "place_long_slug": "new-york-city-ny-united-states",
      "place_url": "https://nomadlist.com/new-york-city-ny-united-states",
      "place_photo": "https://nomadlist.com/cdn-cgi/image/format=auto,fit=cover,width=100,height=100/https://nomadlist.com/assets/img/places/new-york-city-ny-united-states.jpg?1688256130",
      "country": "United States",
      "country_code": "US",
      "country_slug": "united-states",
      "latitude": 40.7127837,
      "longitude": -74.0059413,
      "trip_id": "1664905472b79aa1d90eb27b629dde7861dd0e6246455c9b5c"
    },
    {
      "epoch_start": 1659744000,
      "epoch_end": 1664409600,
      "date_start": "2022-08-06",
      "date_end": "2022-09-29",
      "length": "1 month",
      "epoch_duration": 4665600,
      "place": "Maryland",
      "place_slug": null,
      "place_long_slug": null,
      "place_url": null,
      "place_photo": "https://nomadlist.com/cdn-cgi/image/format=auto,fit=cover,width=100,height=100/https://nomadlist.com/assets/img/places/united-states.jpg?1642529757",
      "country": "United States",
      "country_code": "US",
      "country_slug": "united-states",
      "latitude": 39.4780636707,
      "longitude": -76.8536374638244,
      "trip_id": "1664905480f71e81647f87dec2f48f3fab0bfad83b060488b3"
    },
    {
      "epoch_start": 1618099200,
      "epoch_end": 1659744000,
      "date_start": "2021-04-11",
      "date_end": "2022-08-06",
      "length": "1 year",
      "epoch_duration": 41644800,
      "place": "New York City",
      "place_slug": "new-york-city",
      "place_long_slug": "new-york-city-ny-united-states",
      "place_url": "https://nomadlist.com/new-york-city-ny-united-states",
      "place_photo": "https://nomadlist.com/cdn-cgi/image/format=auto,fit=cover,width=100,height=100/https://nomadlist.com/assets/img/places/new-york-city-ny-united-states.jpg?1688256130",
      "country": "United States",
      "country_code": "US",
      "country_slug": "united-states",
      "latitude": 40.7127837,
      "longitude": -74.0059413,
      "trip_id": "1662945286ac68fd2e0f108bbf2c06e25b27bf4d3099c17da3"
    },
    {
      "epoch_start": 1615075200,
      "epoch_end": 1618099200,
      "date_start": "2021-03-07",
      "date_end": "2021-04-11",
      "length": "1 month",
      "epoch_duration": 3024000,
      "place": "Maryland",
      "place_slug": null,
      "place_long_slug": null,
      "place_url": null,
      "place_photo": "https://nomadlist.com/cdn-cgi/image/format=auto,fit=cover,width=100,height=100/https://nomadlist.com/assets/img/places/united-states.jpg?1642529757",
      "country": "United States",
      "country_code": "US",
      "country_slug": "united-states",
      "latitude": 39.4780636707,
      "longitude": -76.8536374638244,
      "trip_id": "1617635453538937e46619e56896d2808d31d74f189656878e"
    },
    {
      "epoch_start": 1614384000,
      "epoch_end": 1615075200,
      "date_start": "2021-02-27",
      "date_end": "2021-03-07",
      "length": "7 days",
      "epoch_duration": 691200,
      "place": "Park City",
      "place_slug": "park-city",
      "place_long_slug": "park-city-ut-united-states",
      "place_url": "https://nomadlist.com/park-city-ut-united-states",
      "place_photo": "https://nomadlist.com/cdn-cgi/image/format=auto,fit=cover,width=100,height=100/https://nomadlist.com/assets/img/places/park-city-ut-united-states.jpg?1689035414",
      "country": "United States",
      "country_code": "US",
      "country_slug": "united-states",
      "latitude": 40.6460622,
      "longitude": -111.4979729,
      "trip_id": "161385821811fed42a730e6106e7330f9cc38394503dd336fa"
    },
    {
      "epoch_start": 1613865600,
      "epoch_end": 1614384000,
      "date_start": "2021-02-21",
      "date_end": "2021-02-27",
      "length": "5 days",
      "epoch_duration": 518400,
      "place": "Maryland",
      "place_slug": null,
      "place_long_slug": null,
      "place_url": null,
      "place_photo": "https://nomadlist.com/cdn-cgi/image/format=auto,fit=cover,width=100,height=100/https://nomadlist.com/assets/img/places/united-states.jpg?1642529757",
      "country": "United States",
      "country_code": "US",
      "country_slug": "united-states",
      "latitude": 39.4780636707,
      "longitude": -76.8536374638244,
      "trip_id": "16138581960cf0f26e66482192f39f33c0da6dbbe65bbb1cb8"
    },
    {
      "epoch_start": 1609027200,
      "epoch_end": 1613865600,
      "date_start": "2020-12-27",
      "date_end": "2021-02-21",
      "length": "1 month",
      "epoch_duration": 4838400,
      "place": "Playa del Carmen",
      "place_slug": "playa-del-carmen",
      "place_long_slug": "playa-del-carmen-mexico",
      "place_url": "https://nomadlist.com/playa-del-carmen-mexico",
      "place_photo": "https://nomadlist.com/cdn-cgi/image/format=auto,fit=cover,width=100,height=100/https://nomadlist.com/assets/img/places/playa-del-carmen-mexico.jpg?1675438336",
      "country": "Mexico",
      "country_code": "MX",
      "country_slug": "mexico",
      "latitude": 20.6295586,
      "longitude": -87.0738851,
      "trip_id": "1612828997da6f0116dc67ddadf314c6faa7ed11bdf89b5735"
    },
    {
      "epoch_start": 1608595200,
      "epoch_end": 1609027200,
      "date_start": "2020-12-22",
      "date_end": "2020-12-27",
      "length": "4 days",
      "epoch_duration": 432000,
      "place": "Maryland",
      "place_slug": null,
      "place_long_slug": null,
      "place_url": null,
      "place_photo": "https://nomadlist.com/cdn-cgi/image/format=auto,fit=cover,width=100,height=100/https://nomadlist.com/assets/img/places/united-states.jpg?1642529757",
      "country": "United States",
      "country_code": "US",
      "country_slug": "united-states",
      "latitude": 39.4780636707,
      "longitude": -76.8536374638244,
      "trip_id": "1608856315afae99c09d74a0a626eb10bc786ca17073c22ee4"
    },
    {
      "epoch_start": 1606608000,
      "epoch_end": 1608595200,
      "date_start": "2020-11-29",
      "date_end": "2020-12-22",
      "length": "22 days",
      "epoch_duration": 1987200,
      "place": "Playa del Carmen",
      "place_slug": "playa-del-carmen",
      "place_long_slug": "playa-del-carmen-mexico",
      "place_url": "https://nomadlist.com/playa-del-carmen-mexico",
      "place_photo": "https://nomadlist.com/cdn-cgi/image/format=auto,fit=cover,width=100,height=100/https://nomadlist.com/assets/img/places/playa-del-carmen-mexico.jpg?1675438336",
      "country": "Mexico",
      "country_code": "MX",
      "country_slug": "mexico",
      "latitude": 20.6295586,
      "longitude": -87.0738851,
      "trip_id": "1606602413593361299db993f47dd0e9491c7813597a1a5fae"
    },
    {
      "epoch_start": 1604275200,
      "epoch_end": 1606608000,
      "date_start": "2020-11-02",
      "date_end": "2020-11-29",
      "length": "26 days",
      "epoch_duration": 2332800,
      "place": "Maryland",
      "place_slug": null,
      "place_long_slug": null,
      "place_url": null,
      "place_photo": "https://nomadlist.com/cdn-cgi/image/format=auto,fit=cover,width=100,height=100/https://nomadlist.com/assets/img/places/united-states.jpg?1642529757",
      "country": "United States",
      "country_code": "US",
      "country_slug": "united-states",
      "latitude": 39.4780636707,
      "longitude": -76.8536374638244,
      "trip_id": "16057439525800574aee875fc93d5b370910cabf578ea66aa2"
    },
    {
      "epoch_start": 1602547200,
      "epoch_end": 1604275200,
      "date_start": "2020-10-13",
      "date_end": "2020-11-02",
      "length": "19 days",
      "epoch_duration": 1728000,
      "place": "Puerto Vallarta",
      "place_slug": "puerto-vallarta",
      "place_long_slug": "puerto-vallarta-mexico",
      "place_url": "https://nomadlist.com/puerto-vallarta-mexico",
      "place_photo": "https://nomadlist.com/cdn-cgi/image/format=auto,fit=cover,width=100,height=100/https://nomadlist.com/assets/img/places/puerto-vallarta-mexico.jpg?1677285111",
      "country": "Mexico",
      "country_code": "MX",
      "country_slug": "mexico",
      "latitude": 20.653407,
      "longitude": -105.2253316,
      "trip_id": "1602103503101c3ada50cc0bace44bc5feed1834ac3bbd42da"
    },
    {
      "epoch_start": 1602115200,
      "epoch_end": 1602547200,
      "date_start": "2020-10-08",
      "date_end": "2020-10-13",
      "length": "4 days",
      "epoch_duration": 432000,
      "place": "Los Angeles",
      "place_slug": "los-angeles",
      "place_long_slug": "los-angeles-ca-united-states",
      "place_url": "https://nomadlist.com/los-angeles-ca-united-states",
      "place_photo": "https://nomadlist.com/cdn-cgi/image/format=auto,fit=cover,width=100,height=100/https://nomadlist.com/assets/img/places/los-angeles-ca-united-states.jpg?1679875833",
      "country": "United States",
      "country_code": "US",
      "country_slug": "united-states",
      "latitude": 34.0522342,
      "longitude": -118.2436849,
      "trip_id": "16014906926e7ce6766c1832d192c8430ac4751eafbc1d350f"
    },
    {
      "epoch_start": 1600300800,
      "epoch_end": 1602115200,
      "date_start": "2020-09-17",
      "date_end": "2020-10-08",
      "length": "20 days",
      "epoch_duration": 1814400,
      "place": "New York City",
      "place_slug": "new-york-city",
      "place_long_slug": "new-york-city-ny-united-states",
      "place_url": "https://nomadlist.com/new-york-city-ny-united-states",
      "place_photo": "https://nomadlist.com/cdn-cgi/image/format=auto,fit=cover,width=100,height=100/https://nomadlist.com/assets/img/places/new-york-city-ny-united-states.jpg?1688256130",
      "country": "United States",
      "country_code": "US",
      "country_slug": "united-states",
      "latitude": 40.7127837,
      "longitude": -74.0059413,
      "trip_id": "1599271120fe52de24cc48acc1e9f4d5e1b48fb80e0c7acff5"
    },
    {
      "epoch_start": 1600041600,
      "epoch_end": 1600300800,
      "date_start": "2020-09-14",
      "date_end": "2020-09-17",
      "length": "2 days",
      "epoch_duration": 259200,
      "place": "Denver",
      "place_slug": "denver",
      "place_long_slug": "denver-co-united-states",
      "place_url": "https://nomadlist.com/denver-co-united-states",
      "place_photo": "https://nomadlist.com/cdn-cgi/image/format=auto,fit=cover,width=100,height=100/https://nomadlist.com/assets/img/places/denver-co-united-states.jpg?1675438571",
      "country": "United States",
      "country_code": "US",
      "country_slug": "united-states",
      "latitude": 39.7392358,
      "longitude": -104.990251,
      "trip_id": "1599271085a919ee422d680c2e498fe328e8786b5f0d2d4c34"
    },
    {
      "epoch_start": 1599436800,
      "epoch_end": 1600041600,
      "date_start": "2020-09-07",
      "date_end": "2020-09-14",
      "length": "6 days",
      "epoch_duration": 604800,
      "place": "Dillon",
      "place_slug": null,
      "place_long_slug": null,
      "place_url": null,
      "place_photo": "https://nomadlist.com/cdn-cgi/image/format=auto,fit=cover,width=100,height=100/https://nomadlist.com/assets/img/places/united-states.jpg?1642529757",
      "country": "United States",
      "country_code": "US",
      "country_slug": "united-states",
      "latitude": 39.6303,
      "longitude": -106.0434,
      "trip_id": "1599271077d272ddddb7caaf6ce2e459826c51e2e20764c289"
    },
    {
      "epoch_start": 1599004800,
      "epoch_end": 1599436800,
      "date_start": "2020-09-02",
      "date_end": "2020-09-07",
      "length": "4 days",
      "epoch_duration": 432000,
      "place": "Grand Junction",
      "place_slug": "grand-junction",
      "place_long_slug": "grand-junction-co-united-states",
      "place_url": "https://nomadlist.com/grand-junction-co-united-states",
      "place_photo": "https://nomadlist.com/cdn-cgi/image/format=auto,fit=cover,width=100,height=100/https://nomadlist.com/assets/img/places/grand-junction-co-united-states.jpg?1679618580",
      "country": "United States",
      "country_code": "US",
      "country_slug": "united-states",
      "latitude": 39.064,
      "longitude": -108.5507,
      "trip_id": "1600291082707f95fa21928b1f5d11e993dd6ae8e09c79bdb4"
    },
    {
      "epoch_start": 1598745600,
      "epoch_end": 1599004800,
      "date_start": "2020-08-30",
      "date_end": "2020-09-02",
      "length": "2 days",
      "epoch_duration": 259200,
      "place": "Bryce Canyon National Park",
      "place_slug": null,
      "place_long_slug": null,
      "place_url": null,
      "place_photo": "https://nomadlist.com/cdn-cgi/image/format=auto,fit=cover,width=100,height=100/https://nomadlist.com/assets/img/places/united-states.jpg?1642529757",
      "country": "United States",
      "country_code": "US",
      "country_slug": "united-states",
      "latitude": 37.593016,
      "longitude": -112.187233,
      "trip_id": "1598752806a9654995ab9dc8ed5171dba5e74761e826701b12"
    },
    {
      "epoch_start": 1598572800,
      "epoch_end": 1598745600,
      "date_start": "2020-08-28",
      "date_end": "2020-08-30",
      "length": "1 day",
      "epoch_duration": 172800,
      "place": "Salt Lake City",
      "place_slug": "salt-lake-city",
      "place_long_slug": "salt-lake-city-ut-united-states",
      "place_url": "https://nomadlist.com/salt-lake-city-ut-united-states",
      "place_photo": "https://nomadlist.com/cdn-cgi/image/format=auto,fit=cover,width=100,height=100/https://nomadlist.com/assets/img/places/salt-lake-city-ut-united-states.jpg?1679875580",
      "country": "United States",
      "country_code": "US",
      "country_slug": "united-states",
      "latitude": 40.7607793,
      "longitude": -111.8910474,
      "trip_id": "15984962482082a627b2258820203768bbf4ac49f0ab926bad"
    },
    {
      "epoch_start": 1598140800,
      "epoch_end": 1598572800,
      "date_start": "2020-08-23",
      "date_end": "2020-08-28",
      "length": "4 days",
      "epoch_duration": 432000,
      "place": "Twin Falls",
      "place_slug": null,
      "place_long_slug": null,
      "place_url": null,
      "place_photo": "https://nomadlist.com/cdn-cgi/image/format=auto,fit=cover,width=100,height=100/https://nomadlist.com/assets/img/places/united-states.jpg?1642529757",
      "country": "United States",
      "country_code": "US",
      "country_slug": "united-states",
      "latitude": 42.2729,
      "longitude": -114.6972,
      "trip_id": "15981307464709e6134417861a092d98237dffcabd8a829ebc"
    },
    {
      "epoch_start": 1597968000,
      "epoch_end": 1598140800,
      "date_start": "2020-08-21",
      "date_end": "2020-08-23",
      "length": "1 day",
      "epoch_duration": 172800,
      "place": "Jackson",
      "place_slug": null,
      "place_long_slug": null,
      "place_url": null,
      "place_photo": "https://nomadlist.com/cdn-cgi/image/format=auto,fit=cover,width=100,height=100/https://nomadlist.com/assets/img/places/united-states.jpg?1642529757",
      "country": "United States",
      "country_code": "US",
      "country_slug": "united-states",
      "latitude": 43.48,
      "longitude": -110.7618,
      "trip_id": "1597880801f924c4aaf4bc55ca994e9dba2c5c55bfd2e3d790"
    },
    {
      "epoch_start": 1597795200,
      "epoch_end": 1597968000,
      "date_start": "2020-08-19",
      "date_end": "2020-08-21",
      "length": "1 day",
      "epoch_duration": 172800,
      "place": "Missoula",
      "place_slug": "missoula",
      "place_long_slug": "missoula-mt-united-states",
      "place_url": "https://nomadlist.com/missoula-mt-united-states",
      "place_photo": "https://nomadlist.com/cdn-cgi/image/format=auto,fit=cover,width=100,height=100/https://nomadlist.com/assets/img/places/missoula-mt-united-states.jpg?1688603122",
      "country": "United States",
      "country_code": "US",
      "country_slug": "united-states",
      "latitude": 46.8701,
      "longitude": -113.9953,
      "trip_id": "15981307840fa0a6634aaef92cb75a35e8871b6fe9e3892a87"
    },
    {
      "epoch_start": 1597622400,
      "epoch_end": 1597795200,
      "date_start": "2020-08-17",
      "date_end": "2020-08-19",
      "length": "1 day",
      "epoch_duration": 172800,
      "place": "Sandpoint",
      "place_slug": "sandpoint",
      "place_long_slug": "sandpoint-id-united-states",
      "place_url": "https://nomadlist.com/sandpoint-id-united-states",
      "place_photo": "https://nomadlist.com/cdn-cgi/image/format=auto,fit=cover,width=100,height=100/https://nomadlist.com/assets/img/places/sandpoint-id-united-states.jpg?1688256463",
      "country": "United States",
      "country_code": "US",
      "country_slug": "united-states",
      "latitude": 48.2766,
      "longitude": -116.5532,
      "trip_id": "15976350251eca369bc2448f9051b3ba1365560ab0ae7e44a1"
    },
    {
      "epoch_start": 1597363200,
      "epoch_end": 1597622400,
      "date_start": "2020-08-14",
      "date_end": "2020-08-17",
      "length": "2 days",
      "epoch_duration": 259200,
      "place": "West Glacier",
      "place_slug": null,
      "place_long_slug": null,
      "place_url": null,
      "place_photo": "https://nomadlist.com/cdn-cgi/image/format=auto,fit=cover,width=100,height=100/https://nomadlist.com/assets/img/places/united-states.jpg?1642529757",
      "country": "United States",
      "country_code": "US",
      "country_slug": "united-states",
      "latitude": 48.5,
      "longitude": -113.9787,
      "trip_id": "159667384222afab8027e65434116ef0ae8d174df608087866"
    },
    {
      "epoch_start": 1596931200,
      "epoch_end": 1597363200,
      "date_start": "2020-08-09",
      "date_end": "2020-08-14",
      "length": "4 days",
      "epoch_duration": 432000,
      "place": "Kalispell",
      "place_slug": null,
      "place_long_slug": null,
      "place_url": null,
      "place_photo": "https://nomadlist.com/cdn-cgi/image/format=auto,fit=cover,width=100,height=100/https://nomadlist.com/assets/img/places/united-states.jpg?1642529757",
      "country": "United States",
      "country_code": "US",
      "country_slug": "united-states",
      "latitude": 48.2023,
      "longitude": -114.3167,
      "trip_id": "1596673882e8f41a059d350875144397b8fbab8dede24422e3"
    },
    {
      "epoch_start": 1596672000,
      "epoch_end": 1596931200,
      "date_start": "2020-08-06",
      "date_end": "2020-08-09",
      "length": "2 days",
      "epoch_duration": 259200,
      "place": "West Yellowstone",
      "place_slug": null,
      "place_long_slug": null,
      "place_url": null,
      "place_photo": "https://nomadlist.com/cdn-cgi/image/format=auto,fit=cover,width=100,height=100/https://nomadlist.com/assets/img/places/united-states.jpg?1642529757",
      "country": "United States",
      "country_code": "US",
      "country_slug": "united-states",
      "latitude": 44.6632,
      "longitude": -111.1011,
      "trip_id": "15966739080e95c226cc785995b0b9a21346cb34e68e7be9ac"
    },
    {
      "epoch_start": 1596326400,
      "epoch_end": 1596672000,
      "date_start": "2020-08-02",
      "date_end": "2020-08-06",
      "length": "3 days",
      "epoch_duration": 345600,
      "place": "Cody",
      "place_slug": "cody",
      "place_long_slug": "cody-wy-united-states",
      "place_url": "https://nomadlist.com/cody-wy-united-states",
      "place_photo": "https://nomadlist.com/cdn-cgi/image/format=auto,fit=cover,width=100,height=100/https://nomadlist.com/assets/img/places/cody-wy-united-states.jpg?1688344592",
      "country": "United States",
      "country_code": "US",
      "country_slug": "united-states",
      "latitude": 44.5263,
      "longitude": -109.0564,
      "trip_id": "15960346951e58f7e751271720ac62792a37c0047962f7f667"
    },
    {
      "epoch_start": 1595721600,
      "epoch_end": 1596326400,
      "date_start": "2020-07-26",
      "date_end": "2020-08-02",
      "length": "6 days",
      "epoch_duration": 604800,
      "place": "Rapid City",
      "place_slug": "rapid-city",
      "place_long_slug": "rapid-city-sd-united-states",
      "place_url": "https://nomadlist.com/rapid-city-sd-united-states",
      "place_photo": "https://nomadlist.com/cdn-cgi/image/format=auto,fit=cover,width=100,height=100/https://nomadlist.com/assets/img/places/rapid-city-sd-united-states.jpg?1688603147",
      "country": "United States",
      "country_code": "US",
      "country_slug": "united-states",
      "latitude": 44.0812,
      "longitude": -103.228,
      "trip_id": "159467412722b94853d2da071ad0010ad517a3248cab566b47"
    },
    {
      "epoch_start": 1595462400,
      "epoch_end": 1595721600,
      "date_start": "2020-07-23",
      "date_end": "2020-07-26",
      "length": "2 days",
      "epoch_duration": 259200,
      "place": "Denver",
      "place_slug": "denver",
      "place_long_slug": "denver-co-united-states",
      "place_url": "https://nomadlist.com/denver-co-united-states",
      "place_photo": "https://nomadlist.com/cdn-cgi/image/format=auto,fit=cover,width=100,height=100/https://nomadlist.com/assets/img/places/denver-co-united-states.jpg?1675438571",
      "country": "United States",
      "country_code": "US",
      "country_slug": "united-states",
      "latitude": 39.7392358,
      "longitude": -104.990251,
      "trip_id": "159467440049496c24c0e92597e7d0b5c4f0b1639009985715"
    },
    {
      "epoch_start": 1591228800,
      "epoch_end": 1595462400,
      "date_start": "2020-06-04",
      "date_end": "2020-07-23",
      "length": "1 month",
      "epoch_duration": 4233600,
      "place": "Maryland",
      "place_slug": null,
      "place_long_slug": null,
      "place_url": null,
      "place_photo": "https://nomadlist.com/cdn-cgi/image/format=auto,fit=cover,width=100,height=100/https://nomadlist.com/assets/img/places/united-states.jpg?1642529757",
      "country": "United States",
      "country_code": "US",
      "country_slug": "united-states",
      "latitude": 39,
      "longitude": -76.7,
      "trip_id": "15946740627e9c243e26451bafa5716f0bc6971ce2dc343fa7"
    },
    {
      "epoch_start": 1583884800,
      "epoch_end": 1591228800,
      "date_start": "2020-03-11",
      "date_end": "2020-06-04",
      "length": "2 months",
      "epoch_duration": 7344000,
      "place": "Vancouver",
      "place_slug": "vancouver",
      "place_long_slug": "vancouver-canada",
      "place_url": "https://nomadlist.com/vancouver-canada",
      "place_photo": "https://nomadlist.com/cdn-cgi/image/format=auto,fit=cover,width=100,height=100/https://nomadlist.com/assets/img/places/vancouver-canada.jpg?1685405024",
      "country": "Canada",
      "country_code": "CA",
      "country_slug": "canada",
      "latitude": 49.261226,
      "longitude": -123.1139268,
      "trip_id": "1591285353da425074aecf6529681cb949ef2f8c0053831190"
    },
    {
      "epoch_start": 1581465600,
      "epoch_end": 1583884800,
      "date_start": "2020-02-12",
      "date_end": "2020-03-11",
      "length": "27 days",
      "epoch_duration": 2419200,
      "place": "Melbourne",
      "place_slug": "melbourne",
      "place_long_slug": "melbourne-australia",
      "place_url": "https://nomadlist.com/melbourne-australia",
      "place_photo": "https://nomadlist.com/cdn-cgi/image/format=auto,fit=cover,width=100,height=100/https://nomadlist.com/assets/img/places/melbourne-australia.jpg?1686268874",
      "country": "Australia",
      "country_code": "AU",
      "country_slug": "australia",
      "latitude": -37.814107,
      "longitude": 144.96328,
      "trip_id": "1580881640f7d507bd314c008bdd92ac93b4741ba40b026927"
    },
    {
      "epoch_start": 1581120000,
      "epoch_end": 1581465600,
      "date_start": "2020-02-08",
      "date_end": "2020-02-12",
      "length": "3 days",
      "epoch_duration": 345600,
      "place": "Twizel",
      "place_slug": null,
      "place_long_slug": null,
      "place_url": null,
      "place_photo": "https://nomadlist.com/cdn-cgi/image/format=auto,fit=cover,width=100,height=100/https://nomadlist.com/assets/img/places/new-zealand.jpg?1642465691",
      "country": "New Zealand",
      "country_code": "NZ",
      "country_slug": "new-zealand",
      "latitude": -44.25,
      "longitude": 170.1,
      "trip_id": "1580881632823f440f002ed042cb8f765fc11903d62f8170d1"
    },
    {
      "epoch_start": 1580947200,
      "epoch_end": 1581120000,
      "date_start": "2020-02-06",
      "date_end": "2020-02-08",
      "length": "1 day",
      "epoch_duration": 172800,
      "place": "Te Anau",
      "place_slug": null,
      "place_long_slug": null,
      "place_url": null,
      "place_photo": "https://nomadlist.com/cdn-cgi/image/format=auto,fit=cover,width=100,height=100/https://nomadlist.com/assets/img/places/new-zealand.jpg?1642465691",
      "country": "New Zealand",
      "country_code": "NZ",
      "country_slug": "new-zealand",
      "latitude": -45.41667,
      "longitude": 167.71667,
      "trip_id": "1580881596d5d134ba07f08a4cf2e5891545d59ea67c32f0ba"
    },
    {
      "epoch_start": 1580774400,
      "epoch_end": 1580947200,
      "date_start": "2020-02-04",
      "date_end": "2020-02-06",
      "length": "1 day",
      "epoch_duration": 172800,
      "place": "Queenstown",
      "place_slug": "queenstown",
      "place_long_slug": "queenstown-new-zealand",
      "place_url": "https://nomadlist.com/queenstown-new-zealand",
      "place_photo": "https://nomadlist.com/cdn-cgi/image/format=auto,fit=cover,width=100,height=100/https://nomadlist.com/assets/img/places/queenstown-new-zealand.jpg?1689120285",
      "country": "New Zealand",
      "country_code": "NZ",
      "country_slug": "new-zealand",
      "latitude": -45.0244816,
      "longitude": 168.6918549,
      "trip_id": "1580881582548b90820c660e313715329b0402e385234b6adb"
    },
    {
      "epoch_start": 1580515200,
      "epoch_end": 1580774400,
      "date_start": "2020-02-01",
      "date_end": "2020-02-04",
      "length": "2 days",
      "epoch_duration": 259200,
      "place": "Franz Josef",
      "place_slug": null,
      "place_long_slug": null,
      "place_url": null,
      "place_photo": "https://nomadlist.com/cdn-cgi/image/format=auto,fit=cover,width=100,height=100/https://nomadlist.com/assets/img/places/new-zealand.jpg?1642465691",
      "country": "New Zealand",
      "country_code": "NZ",
      "country_slug": "new-zealand",
      "latitude": -43.389,
      "longitude": 170.1819,
      "trip_id": "1580007369c64440e57759bab081efe9179dd40cd04baf51f8"
    },
    {
      "epoch_start": 1580342400,
      "epoch_end": 1580515200,
      "date_start": "2020-01-30",
      "date_end": "2020-02-01",
      "length": "1 day",
      "epoch_duration": 172800,
      "place": "Otira",
      "place_slug": null,
      "place_long_slug": null,
      "place_url": null,
      "place_photo": "https://nomadlist.com/cdn-cgi/image/format=auto,fit=cover,width=100,height=100/https://nomadlist.com/assets/img/places/new-zealand.jpg?1642465691",
      "country": "New Zealand",
      "country_code": "NZ",
      "country_slug": "new-zealand",
      "latitude": -42.8293,
      "longitude": 171.5614,
      "trip_id": "1580007304050f3ac84b52e3ae026a7d302287ef0fafcfa8d9"
    },
    {
      "epoch_start": 1580256000,
      "epoch_end": 1580342400,
      "date_start": "2020-01-29",
      "date_end": "2020-01-30",
      "length": "23 hours",
      "epoch_duration": 86400,
      "place": "Christchurch",
      "place_slug": "christchurch",
      "place_long_slug": "christchurch-new-zealand",
      "place_url": "https://nomadlist.com/christchurch-new-zealand",
      "place_photo": "https://nomadlist.com/cdn-cgi/image/format=auto,fit=cover,width=100,height=100/https://nomadlist.com/assets/img/places/christchurch-new-zealand.jpg?1688342995",
      "country": "New Zealand",
      "country_code": "NZ",
      "country_slug": "new-zealand",
      "latitude": -43.5320544,
      "longitude": 172.6362254,
      "trip_id": "1580007181fc2a3d9bb5c7528cd9adb7ec9878bd224b4b160b"
    },
    {
      "epoch_start": 1579996800,
      "epoch_end": 1580256000,
      "date_start": "2020-01-26",
      "date_end": "2020-01-29",
      "length": "2 days",
      "epoch_duration": 259200,
      "place": "Auckland",
      "place_slug": "auckland",
      "place_long_slug": "auckland-new-zealand",
      "place_url": "https://nomadlist.com/auckland-new-zealand",
      "place_photo": "https://nomadlist.com/cdn-cgi/image/format=auto,fit=cover,width=100,height=100/https://nomadlist.com/assets/img/places/auckland-new-zealand.jpg?1688256049",
      "country": "New Zealand",
      "country_code": "NZ",
      "country_slug": "new-zealand",
      "latitude": -36.8484597,
      "longitude": 174.7633315,
      "trip_id": "15785181649df009fb6bcfffc2368c8665fdac28f0e085c92b"
    },
    {
      "epoch_start": 1579824000,
      "epoch_end": 1579996800,
      "date_start": "2020-01-24",
      "date_end": "2020-01-26",
      "length": "1 day",
      "epoch_duration": 172800,
      "place": "New Plymouth",
      "place_slug": null,
      "place_long_slug": null,
      "place_url": null,
      "place_photo": "https://nomadlist.com/cdn-cgi/image/format=auto,fit=cover,width=100,height=100/https://nomadlist.com/assets/img/places/new-zealand.jpg?1642465691",
      "country": "New Zealand",
      "country_code": "NZ",
      "country_slug": "new-zealand",
      "latitude": -39.06667,
      "longitude": 174.08333,
      "trip_id": "157851813208949b8b11afb9e9242f277bf04d99e9608bae6f"
    },
    {
      "epoch_start": 1579564800,
      "epoch_end": 1579824000,
      "date_start": "2020-01-21",
      "date_end": "2020-01-24",
      "length": "2 days",
      "epoch_duration": 259200,
      "place": "Taupo",
      "place_slug": null,
      "place_long_slug": null,
      "place_url": null,
      "place_photo": "https://nomadlist.com/cdn-cgi/image/format=auto,fit=cover,width=100,height=100/https://nomadlist.com/assets/img/places/new-zealand.jpg?1642465691",
      "country": "New Zealand",
      "country_code": "NZ",
      "country_slug": "new-zealand",
      "latitude": -38.69,
      "longitude": 176.08,
      "trip_id": "1578518068852a7f19699d18ae672ecf9a6bb4411692fd53a0"
    },
    {
      "epoch_start": 1579219200,
      "epoch_end": 1579564800,
      "date_start": "2020-01-17",
      "date_end": "2020-01-21",
      "length": "3 days",
      "epoch_duration": 345600,
      "place": "Rotorua",
      "place_slug": null,
      "place_long_slug": null,
      "place_url": null,
      "place_photo": "https://nomadlist.com/cdn-cgi/image/format=auto,fit=cover,width=100,height=100/https://nomadlist.com/assets/img/places/new-zealand.jpg?1642465691",
      "country": "New Zealand",
      "country_code": "NZ",
      "country_slug": "new-zealand",
      "latitude": -38.13778,
      "longitude": 176.25139,
      "trip_id": "1579336328a49465e013931545d349c5f868e996b6bb4317d9"
    },
    {
      "epoch_start": 1578960000,
      "epoch_end": 1579219200,
      "date_start": "2020-01-14",
      "date_end": "2020-01-17",
      "length": "2 days",
      "epoch_duration": 259200,
      "place": "Whitianga",
      "place_slug": null,
      "place_long_slug": null,
      "place_url": null,
      "place_photo": "https://nomadlist.com/cdn-cgi/image/format=auto,fit=cover,width=100,height=100/https://nomadlist.com/assets/img/places/new-zealand.jpg?1642465691",
      "country": "New Zealand",
      "country_code": "NZ",
      "country_slug": "new-zealand",
      "latitude": -36.83306,
      "longitude": 175.69972,
      "trip_id": "1578457048f4792439c03491f34f6ec78b43e46998bad8f8fa"
    },
    {
      "epoch_start": 1578700800,
      "epoch_end": 1578873600,
      "date_start": "2020-01-11",
      "date_end": "2020-01-13",
      "length": "1 day",
      "epoch_duration": 172800,
      "place": "Kaitaia",
      "place_slug": null,
      "place_long_slug": null,
      "place_url": null,
      "place_photo": "https://nomadlist.com/cdn-cgi/image/format=auto,fit=cover,width=100,height=100/https://nomadlist.com/assets/img/places/new-zealand.jpg?1642465691",
      "country": "New Zealand",
      "country_code": "NZ",
      "country_slug": "new-zealand",
      "latitude": -35.1125,
      "longitude": 173.26278,
      "trip_id": "1578552634c1ac442d7bfc588882544220422dd38f35068416"
    },
    {
      "epoch_start": 1577923200,
      "epoch_end": 1578960000,
      "date_start": "2020-01-02",
      "date_end": "2020-01-14",
      "length": "11 days",
      "epoch_duration": 1036800,
      "place": "Auckland",
      "place_slug": "auckland",
      "place_long_slug": "auckland-new-zealand",
      "place_url": "https://nomadlist.com/auckland-new-zealand",
      "place_photo": "https://nomadlist.com/cdn-cgi/image/format=auto,fit=cover,width=100,height=100/https://nomadlist.com/assets/img/places/auckland-new-zealand.jpg?1688256049",
      "country": "New Zealand",
      "country_code": "NZ",
      "country_slug": "new-zealand",
      "latitude": -36.8484597,
      "longitude": 174.7633315,
      "trip_id": "157851749932cba1400bbcad6f1a6754f063ef27aa211de995"
    },
    {
      "epoch_start": 1577404800,
      "epoch_end": 1577923200,
      "date_start": "2019-12-27",
      "date_end": "2020-01-02",
      "length": "5 days",
      "epoch_duration": 518400,
      "place": "Los Angeles",
      "place_slug": "los-angeles",
      "place_long_slug": "los-angeles-ca-united-states",
      "place_url": "https://nomadlist.com/los-angeles-ca-united-states",
      "place_photo": "https://nomadlist.com/cdn-cgi/image/format=auto,fit=cover,width=100,height=100/https://nomadlist.com/assets/img/places/los-angeles-ca-united-states.jpg?1679875833",
      "country": "United States",
      "country_code": "US",
      "country_slug": "united-states",
      "latitude": 34.0522342,
      "longitude": -118.2436849,
      "trip_id": "1578458404905d847fc64c319568a1d3a17778509056baa6b6"
    },
    {
      "epoch_start": 1577145600,
      "epoch_end": 1577404800,
      "date_start": "2019-12-24",
      "date_end": "2019-12-27",
      "length": "2 days",
      "epoch_duration": 259200,
      "place": "Maryland",
      "place_slug": null,
      "place_long_slug": null,
      "place_url": null,
      "place_photo": "https://nomadlist.com/cdn-cgi/image/format=auto,fit=cover,width=100,height=100/https://nomadlist.com/assets/img/places/united-states.jpg?1642529757",
      "country": "United States",
      "country_code": "US",
      "country_slug": "united-states",
      "latitude": 39,
      "longitude": -76.7,
      "trip_id": "1578517464a8a8c1268be2f3accd950deb486ec9c9d92b11af"
    },
    {
      "epoch_start": 1576713600,
      "epoch_end": 1577145600,
      "date_start": "2019-12-19",
      "date_end": "2019-12-24",
      "length": "4 days",
      "epoch_duration": 432000,
      "place": "New York City",
      "place_slug": "new-york-city",
      "place_long_slug": "new-york-city-ny-united-states",
      "place_url": "https://nomadlist.com/new-york-city-ny-united-states",
      "place_photo": "https://nomadlist.com/cdn-cgi/image/format=auto,fit=cover,width=100,height=100/https://nomadlist.com/assets/img/places/new-york-city-ny-united-states.jpg?1688256130",
      "country": "United States",
      "country_code": "US",
      "country_slug": "united-states",
      "latitude": 40.7127837,
      "longitude": -74.0059413,
      "trip_id": "15784580487f22f42e805f46e3ff353b05968c6c85412f4370"
    },
    {
      "epoch_start": 1575417600,
      "epoch_end": 1576713600,
      "date_start": "2019-12-04",
      "date_end": "2019-12-19",
      "length": "14 days",
      "epoch_duration": 1296000,
      "place": "London",
      "place_slug": "london",
      "place_long_slug": "london-united-kingdom",
      "place_url": "https://nomadlist.com/london-united-kingdom",
      "place_photo": "https://nomadlist.com/cdn-cgi/image/format=auto,fit=cover,width=100,height=100/https://nomadlist.com/assets/img/places/london-united-kingdom.jpg?1688688134",
      "country": "United Kingdom",
      "country_code": "UK",
      "country_slug": "united-kingdom",
      "latitude": 51.5073509,
      "longitude": -0.1277583,
      "trip_id": "15784565955a8612d4791a8450df6cc97e41d735937beee78a"
    },
    {
      "epoch_start": 1574294400,
      "epoch_end": 1575417600,
      "date_start": "2019-11-21",
      "date_end": "2019-12-04",
      "length": "12 days",
      "epoch_duration": 1123200,
      "place": "Amsterdam",
      "place_slug": "amsterdam",
      "place_long_slug": "amsterdam-netherlands",
      "place_url": "https://nomadlist.com/amsterdam-netherlands",
      "place_photo": "https://nomadlist.com/cdn-cgi/image/format=auto,fit=cover,width=100,height=100/https://nomadlist.com/assets/img/places/amsterdam-netherlands.jpg?1643155472",
      "country": "Netherlands",
      "country_code": "NL",
      "country_slug": "netherlands",
      "latitude": 52.3702157,
      "longitude": 4.8951679,
      "trip_id": "1578456647068ca3cfe6aed3628e54bc1f3f2e0e82870f7638"
    },
    {
      "epoch_start": 1572739200,
      "epoch_end": 1574294400,
      "date_start": "2019-11-03",
      "date_end": "2019-11-21",
      "length": "17 days",
      "epoch_duration": 1555200,
      "place": "Tel Aviv",
      "place_slug": "tel-aviv",
      "place_long_slug": "tel-aviv-israel",
      "place_url": "https://nomadlist.com/tel-aviv-israel",
      "place_photo": "https://nomadlist.com/cdn-cgi/image/format=auto,fit=cover,width=100,height=100/https://nomadlist.com/assets/img/places/tel-aviv-israel.jpg?1688343602",
      "country": "Israel",
      "country_code": "IL",
      "country_slug": "israel",
      "latitude": 32.0852999,
      "longitude": 34.7817676,
      "trip_id": "15784567015f91f79eb89d6f6b4840d0d119f47abc13d2b6c2"
    },
    {
      "epoch_start": 1572134400,
      "epoch_end": 1572739200,
      "date_start": "2019-10-27",
      "date_end": "2019-11-03",
      "length": "6 days",
      "epoch_duration": 604800,
      "place": "Antalya",
      "place_slug": "antalya",
      "place_long_slug": "antalya-turkey",
      "place_url": "https://nomadlist.com/antalya-turkey",
      "place_photo": "https://nomadlist.com/cdn-cgi/image/format=auto,fit=cover,width=100,height=100/https://nomadlist.com/assets/img/places/antalya-turkey.jpg?1642723309",
      "country": "Turkey",
      "country_code": "TR",
      "country_slug": "turkey",
      "latitude": 36.88414,
      "longitude": 30.70563,
      "trip_id": "1578456721b1de695bdd8ace94baea53d6d5861182b0bf4d6a"
    },
    {
      "epoch_start": 1571529600,
      "epoch_end": 1572134400,
      "date_start": "2019-10-20",
      "date_end": "2019-10-27",
      "length": "6 days",
      "epoch_duration": 604800,
      "place": "Greme",
      "place_slug": null,
      "place_long_slug": null,
      "place_url": null,
      "place_photo": "https://nomadlist.com/cdn-cgi/image/format=auto,fit=cover,width=100,height=100/https://nomadlist.com/assets/img/places/turkey.jpg?1643157593",
      "country": "Turkey",
      "country_code": "TR",
      "country_slug": "turkey",
      "latitude": 38.64,
      "longitude": 34.83,
      "trip_id": "15784567553aa09faa1e9439339f1bc3e9af5c95cc5dc13915"
    },
    {
      "epoch_start": 1570579200,
      "epoch_end": 1571529600,
      "date_start": "2019-10-09",
      "date_end": "2019-10-20",
      "length": "10 days",
      "epoch_duration": 950400,
      "place": "Istanbul",
      "place_slug": "istanbul",
      "place_long_slug": "istanbul-turkey",
      "place_url": "https://nomadlist.com/istanbul-turkey",
      "place_photo": "https://nomadlist.com/cdn-cgi/image/format=auto,fit=cover,width=100,height=100/https://nomadlist.com/assets/img/places/istanbul-turkey.jpg?1679875361",
      "country": "Turkey",
      "country_code": "TR",
      "country_slug": "turkey",
      "latitude": 41.00527,
      "longitude": 28.97696,
      "trip_id": "1578456773b19f99dbbce125a375934762d58c2538843d9f3f"
    },
    {
      "epoch_start": 1570060800,
      "epoch_end": 1570320000,
      "date_start": "2019-10-03",
      "date_end": "2019-10-06",
      "length": "2 days",
      "epoch_duration": 259200,
      "place": "Los Angeles",
      "place_slug": "los-angeles",
      "place_long_slug": "los-angeles-ca-united-states",
      "place_url": "https://nomadlist.com/los-angeles-ca-united-states",
      "place_photo": "https://nomadlist.com/cdn-cgi/image/format=auto,fit=cover,width=100,height=100/https://nomadlist.com/assets/img/places/los-angeles-ca-united-states.jpg?1679875833",
      "country": "United States",
      "country_code": "US",
      "country_slug": "united-states",
      "latitude": 34.0522342,
      "longitude": -118.2436849,
      "trip_id": "1580881122e739b35e2e79209d522af0ecf05ae11b39ec39a0"
    },
    {
      "epoch_start": 1568160000,
      "epoch_end": 1570579200,
      "date_start": "2019-09-11",
      "date_end": "2019-10-09",
      "length": "27 days",
      "epoch_duration": 2419200,
      "place": "Munich",
      "place_slug": "munich",
      "place_long_slug": "munich-germany",
      "place_url": "https://nomadlist.com/munich-germany",
      "place_photo": "https://nomadlist.com/cdn-cgi/image/format=auto,fit=cover,width=100,height=100/https://nomadlist.com/assets/img/places/munich-germany.jpg?1660348917",
      "country": "Germany",
      "country_code": "DE",
      "country_slug": "germany",
      "latitude": 48.1351253,
      "longitude": 11.5819806,
      "trip_id": "157845683386663eba1da33f75469f6804ea07df1c1ece5d96"
    },
    {
      "epoch_start": 1567555200,
      "epoch_end": 1568160000,
      "date_start": "2019-09-04",
      "date_end": "2019-09-11",
      "length": "6 days",
      "epoch_duration": 604800,
      "place": "Berlin",
      "place_slug": "berlin",
      "place_long_slug": "berlin-germany",
      "place_url": "https://nomadlist.com/berlin-germany",
      "place_photo": "https://nomadlist.com/cdn-cgi/image/format=auto,fit=cover,width=100,height=100/https://nomadlist.com/assets/img/places/berlin-germany.jpg?1675438220",
      "country": "Germany",
      "country_code": "DE",
      "country_slug": "germany",
      "latitude": 52.5200066,
      "longitude": 13.404954,
      "trip_id": "1578456852e5fdcef2a87f1614963d7c5f21734328926e3ec3"
    },
    {
      "epoch_start": 1566864000,
      "epoch_end": 1567555200,
      "date_start": "2019-08-27",
      "date_end": "2019-09-04",
      "length": "7 days",
      "epoch_duration": 691200,
      "place": "Antwerp",
      "place_slug": "antwerp",
      "place_long_slug": "antwerp-belgium",
      "place_url": "https://nomadlist.com/antwerp-belgium",
      "place_photo": "https://nomadlist.com/cdn-cgi/image/format=auto,fit=cover,width=100,height=100/https://nomadlist.com/assets/img/places/antwerp-belgium.jpg?1679791662",
      "country": "Belgium",
      "country_code": "BE",
      "country_slug": "belgium",
      "latitude": 51.2194475,
      "longitude": 4.4024643,
      "trip_id": "1578456911e0fd226d291bc4284978afa7813e867589a4ca52"
    },
    {
      "epoch_start": 1566259200,
      "epoch_end": 1566864000,
      "date_start": "2019-08-20",
      "date_end": "2019-08-27",
      "length": "6 days",
      "epoch_duration": 604800,
      "place": "London",
      "place_slug": "london",
      "place_long_slug": "london-united-kingdom",
      "place_url": "https://nomadlist.com/london-united-kingdom",
      "place_photo": "https://nomadlist.com/cdn-cgi/image/format=auto,fit=cover,width=100,height=100/https://nomadlist.com/assets/img/places/london-united-kingdom.jpg?1688688134",
      "country": "United Kingdom",
      "country_code": "UK",
      "country_slug": "united-kingdom",
      "latitude": 51.5073509,
      "longitude": -0.1277583,
      "trip_id": "1578456949914dd9934cb58893739c6ef7c6655c5197d5353e"
    },
    {
      "epoch_start": 1564531200,
      "epoch_end": 1566259200,
      "date_start": "2019-07-31",
      "date_end": "2019-08-20",
      "length": "19 days",
      "epoch_duration": 1728000,
      "place": "Cluj",
      "place_slug": "cluj",
      "place_long_slug": "cluj-romania",
      "place_url": "https://nomadlist.com/cluj-romania",
      "place_photo": "https://nomadlist.com/cdn-cgi/image/format=auto,fit=cover,width=100,height=100/https://nomadlist.com/assets/img/places/cluj-romania.jpg?1642636879",
      "country": "Romania",
      "country_code": "RO",
      "country_slug": "romania",
      "latitude": 46.78,
      "longitude": 23.55944,
      "trip_id": "1578456967b78297ca777fc781b073852c87186d941578c1b0"
    },
    {
      "epoch_start": 1563321600,
      "epoch_end": 1564531200,
      "date_start": "2019-07-17",
      "date_end": "2019-07-31",
      "length": "13 days",
      "epoch_duration": 1209600,
      "place": "Budapest",
      "place_slug": "budapest",
      "place_long_slug": "budapest-hungary",
      "place_url": "https://nomadlist.com/budapest-hungary",
      "place_photo": "https://nomadlist.com/cdn-cgi/image/format=auto,fit=cover,width=100,height=100/https://nomadlist.com/assets/img/places/budapest-hungary.jpg?1643932879",
      "country": "Hungary",
      "country_code": "HU",
      "country_slug": "hungary",
      "latitude": 47.497912,
      "longitude": 19.040235,
      "trip_id": "1578457191468b183a253c4d0b132ad595d97d75e07ba6390f"
    },
    {
      "epoch_start": 1562025600,
      "epoch_end": 1563321600,
      "date_start": "2019-07-02",
      "date_end": "2019-07-17",
      "length": "14 days",
      "epoch_duration": 1296000,
      "place": "Split",
      "place_slug": "split",
      "place_long_slug": "split-croatia",
      "place_url": "https://nomadlist.com/split-croatia",
      "place_photo": "https://nomadlist.com/cdn-cgi/image/format=auto,fit=cover,width=100,height=100/https://nomadlist.com/assets/img/places/split-croatia.jpg?1690588874",
      "country": "Croatia",
      "country_code": "HR",
      "country_slug": "croatia",
      "latitude": 43.5081323,
      "longitude": 16.4401935,
      "trip_id": "157845720709947647028ca4a2825d511d5baf8c093d71faa3"
    },
    {
      "epoch_start": 1561161600,
      "epoch_end": 1562025600,
      "date_start": "2019-06-22",
      "date_end": "2019-07-02",
      "length": "9 days",
      "epoch_duration": 864000,
      "place": "London",
      "place_slug": "london",
      "place_long_slug": "london-united-kingdom",
      "place_url": "https://nomadlist.com/london-united-kingdom",
      "place_photo": "https://nomadlist.com/cdn-cgi/image/format=auto,fit=cover,width=100,height=100/https://nomadlist.com/assets/img/places/london-united-kingdom.jpg?1688688134",
      "country": "United Kingdom",
      "country_code": "UK",
      "country_slug": "united-kingdom",
      "latitude": 51.5073509,
      "longitude": -0.1277583,
      "trip_id": "157845722303b174a1f9c555e0c1bb8ce6de01afdbb230f533"
    },
    {
      "epoch_start": 1560902400,
      "epoch_end": 1561161600,
      "date_start": "2019-06-19",
      "date_end": "2019-06-22",
      "length": "2 days",
      "epoch_duration": 259200,
      "place": "Amsterdam",
      "place_slug": "amsterdam",
      "place_long_slug": "amsterdam-netherlands",
      "place_url": "https://nomadlist.com/amsterdam-netherlands",
      "place_photo": "https://nomadlist.com/cdn-cgi/image/format=auto,fit=cover,width=100,height=100/https://nomadlist.com/assets/img/places/amsterdam-netherlands.jpg?1643155472",
      "country": "Netherlands",
      "country_code": "NL",
      "country_slug": "netherlands",
      "latitude": 52.3702157,
      "longitude": 4.8951679,
      "trip_id": "1578457240aa15d7b0cf340a35fce40e237a71053f99e9a4d0"
    },
    {
      "epoch_start": 1560297600,
      "epoch_end": 1560470400,
      "date_start": "2019-06-12",
      "date_end": "2019-06-14",
      "length": "1 day",
      "epoch_duration": 172800,
      "place": "Visby",
      "place_slug": null,
      "place_long_slug": null,
      "place_url": null,
      "place_photo": "https://nomadlist.com/cdn-cgi/image/format=auto,fit=cover,width=100,height=100/https://nomadlist.com/assets/img/places/sweden.jpg?1679792864",
      "country": "Sweden",
      "country_code": "SE",
      "country_slug": "sweden",
      "latitude": 57.63333,
      "longitude": 18.28333,
      "trip_id": "15808810837a18306a0118391987ed8ffacf2dc795e0fa14f0"
    },
    {
      "epoch_start": 1559088000,
      "epoch_end": 1560902400,
      "date_start": "2019-05-29",
      "date_end": "2019-06-19",
      "length": "20 days",
      "epoch_duration": 1814400,
      "place": "Stockholm",
      "place_slug": "stockholm",
      "place_long_slug": "stockholm-sweden",
      "place_url": "https://nomadlist.com/stockholm-sweden",
      "place_photo": "https://nomadlist.com/cdn-cgi/image/format=auto,fit=cover,width=100,height=100/https://nomadlist.com/assets/img/places/stockholm-sweden.jpg?1679875693",
      "country": "Sweden",
      "country_code": "SE",
      "country_slug": "sweden",
      "latitude": 59.3293235,
      "longitude": 18.0685808,
      "trip_id": "1578457255c2d8be02ca0517da2311f380900b07ffd3e398b5"
    },
    {
      "epoch_start": 1557878400,
      "epoch_end": 1559088000,
      "date_start": "2019-05-15",
      "date_end": "2019-05-29",
      "length": "13 days",
      "epoch_duration": 1209600,
      "place": "Toronto",
      "place_slug": "toronto",
      "place_long_slug": "toronto-canada",
      "place_url": "https://nomadlist.com/toronto-canada",
      "place_photo": "https://nomadlist.com/cdn-cgi/image/format=auto,fit=cover,width=100,height=100/https://nomadlist.com/assets/img/places/toronto-canada.jpg?1686269012",
      "country": "Canada",
      "country_code": "CA",
      "country_slug": "canada",
      "latitude": 43.653226,
      "longitude": -79.3831843,
      "trip_id": "1578457288d196e04d79c57877c89c4d73607251a78fd4ed0a"
    },
    {
      "epoch_start": 1557532800,
      "epoch_end": 1557878400,
      "date_start": "2019-05-11",
      "date_end": "2019-05-15",
      "length": "3 days",
      "epoch_duration": 345600,
      "place": "Maryland",
      "place_slug": null,
      "place_long_slug": null,
      "place_url": null,
      "place_photo": "https://nomadlist.com/cdn-cgi/image/format=auto,fit=cover,width=100,height=100/https://nomadlist.com/assets/img/places/united-states.jpg?1642529757",
      "country": "United States",
      "country_code": "US",
      "country_slug": "united-states",
      "latitude": 39,
      "longitude": -76.7,
      "trip_id": "1578517482f550ad47a08f0ffb7cc4c849ec76060d4bd66332"
    },
    {
      "epoch_start": 1556755200,
      "epoch_end": 1557532800,
      "date_start": "2019-05-02",
      "date_end": "2019-05-11",
      "length": "8 days",
      "epoch_duration": 777600,
      "place": "Los Angeles",
      "place_slug": "los-angeles",
      "place_long_slug": "los-angeles-ca-united-states",
      "place_url": "https://nomadlist.com/los-angeles-ca-united-states",
      "place_photo": "https://nomadlist.com/cdn-cgi/image/format=auto,fit=cover,width=100,height=100/https://nomadlist.com/assets/img/places/los-angeles-ca-united-states.jpg?1679875833",
      "country": "United States",
      "country_code": "US",
      "country_slug": "united-states",
      "latitude": 34.0522342,
      "longitude": -118.2436849,
      "trip_id": "157845730581455e2c30bfc0cbff5e5f03a1c23cd4cad56a2b"
    },
    {
      "epoch_start": 1555545600,
      "epoch_end": 1556755200,
      "date_start": "2019-04-18",
      "date_end": "2019-05-02",
      "length": "13 days",
      "epoch_duration": 1209600,
      "place": "Hong Kong",
      "place_slug": "hong-kong",
      "place_long_slug": "hong-kong-hong-kong",
      "place_url": "https://nomadlist.com/hong-kong-hong-kong",
      "place_photo": "https://nomadlist.com/cdn-cgi/image/format=auto,fit=cover,width=100,height=100/https://nomadlist.com/assets/img/places/hong-kong-hong-kong.jpg?1679875650",
      "country": "Hong Kong",
      "country_code": "HK",
      "country_slug": "hong-kong",
      "latitude": 22.281012,
      "longitude": 114.174512,
      "trip_id": "157845732268491ec8b552fec58f93b45a628d4f0316326df5"
    },
    {
      "epoch_start": 1554249600,
      "epoch_end": 1555545600,
      "date_start": "2019-04-03",
      "date_end": "2019-04-18",
      "length": "14 days",
      "epoch_duration": 1296000,
      "place": "Bangkok",
      "place_slug": "bangkok",
      "place_long_slug": "bangkok-thailand",
      "place_url": "https://nomadlist.com/bangkok-thailand",
      "place_photo": "https://nomadlist.com/cdn-cgi/image/format=auto,fit=cover,width=100,height=100/https://nomadlist.com/assets/img/places/bangkok-thailand.jpg?1675438153",
      "country": "Thailand",
      "country_code": "TH",
      "country_slug": "thailand",
      "latitude": 13.7566968,
      "longitude": 100.5019493,
      "trip_id": "1578457337c4e9552d5b4e3a2bf617ebaa3914c9eb461bf0ea"
    },
    {
      "epoch_start": 1551830400,
      "epoch_end": 1554249600,
      "date_start": "2019-03-06",
      "date_end": "2019-04-03",
      "length": "27 days",
      "epoch_duration": 2419200,
      "place": "Seoul",
      "place_slug": "seoul",
      "place_long_slug": "seoul-south-korea",
      "place_url": "https://nomadlist.com/seoul-south-korea",
      "place_photo": "https://nomadlist.com/cdn-cgi/image/format=auto,fit=cover,width=100,height=100/https://nomadlist.com/assets/img/places/seoul-south-korea.jpg?1675438254",
      "country": "South Korea",
      "country_code": "KR",
      "country_slug": "south-korea",
      "latitude": 37.5509821,
      "longitude": 126.9903435,
      "trip_id": "15784573600b6cb375f076475385e488813aed1685af40bb4b"
    },
    {
      "epoch_start": 1549324800,
      "epoch_end": 1551830400,
      "date_start": "2019-02-05",
      "date_end": "2019-03-06",
      "length": "28 days",
      "epoch_duration": 2505600,
      "place": "Tokyo",
      "place_slug": "tokyo",
      "place_long_slug": "tokyo-japan",
      "place_url": "https://nomadlist.com/tokyo-japan",
      "place_photo": "https://nomadlist.com/cdn-cgi/image/format=auto,fit=cover,width=100,height=100/https://nomadlist.com/assets/img/places/tokyo-japan.jpg?1679875806",
      "country": "Japan",
      "country_code": "JP",
      "country_slug": "japan",
      "latitude": 35.6894875,
      "longitude": 139.6917064,
      "trip_id": "15784573739311cb941456e1367f5a51884ed2840739ab2bea"
    },
    {
      "epoch_start": 1473465600,
      "epoch_end": 1473811200,
      "date_start": "2016-09-10",
      "date_end": "2016-09-14",
      "length": "3 days",
      "epoch_duration": 345600,
      "place": "Granada",
      "place_slug": "granada",
      "place_long_slug": "granada-spain",
      "place_url": "https://nomadlist.com/granada-spain",
      "place_photo": "https://nomadlist.com/cdn-cgi/image/format=auto,fit=cover,width=100,height=100/https://nomadlist.com/assets/img/places/granada-spain.jpg?1679618901",
      "country": "Spain",
      "country_code": "ES",
      "country_slug": "spain",
      "latitude": 37.1773363,
      "longitude": -3.5985571,
      "trip_id": "16784834126df96a40c1bc24205ea4589d3c40bc43f68a24c5"
    },
    {
      "epoch_start": 1473120000,
      "epoch_end": 1473465600,
      "date_start": "2016-09-06",
      "date_end": "2016-09-10",
      "length": "3 days",
      "epoch_duration": 345600,
      "place": "Venice",
      "place_slug": "venice",
      "place_long_slug": "venice-italy",
      "place_url": "https://nomadlist.com/venice-italy",
      "place_photo": "https://nomadlist.com/cdn-cgi/image/format=auto,fit=cover,width=100,height=100/https://nomadlist.com/assets/img/places/venice-italy.jpg?1681777122",
      "country": "Italy",
      "country_code": "IT",
      "country_slug": "italy",
      "latitude": 45.4408474,
      "longitude": 12.3155151,
      "trip_id": "1678483383fb6b5ccb5da0a3b212270d4bd044a644330205b3"
    },
    {
      "epoch_start": 1472860800,
      "epoch_end": 1473120000,
      "date_start": "2016-09-03",
      "date_end": "2016-09-06",
      "length": "2 days",
      "epoch_duration": 259200,
      "place": "Dubrovnik",
      "place_slug": "dubrovnik",
      "place_long_slug": "dubrovnik-croatia",
      "place_url": "https://nomadlist.com/dubrovnik-croatia",
      "place_photo": "https://nomadlist.com/cdn-cgi/image/format=auto,fit=cover,width=100,height=100/https://nomadlist.com/assets/img/places/dubrovnik-croatia.jpg?1679357268",
      "country": "Croatia",
      "country_code": "HR",
      "country_slug": "croatia",
      "latitude": 42.6499563,
      "longitude": 18.0868342,
      "trip_id": "1678483323062110fae64fc026a0aa95a7dc964afef7bc71cb"
    },
    {
      "epoch_start": 1472515200,
      "epoch_end": 1472860800,
      "date_start": "2016-08-30",
      "date_end": "2016-09-03",
      "length": "3 days",
      "epoch_duration": 345600,
      "place": "Dublin",
      "place_slug": "dublin",
      "place_long_slug": "dublin-ireland",
      "place_url": "https://nomadlist.com/dublin-ireland",
      "place_photo": "https://nomadlist.com/cdn-cgi/image/format=auto,fit=cover,width=100,height=100/https://nomadlist.com/assets/img/places/dublin-ireland.jpg?1686960712",
      "country": "Ireland",
      "country_code": "IE",
      "country_slug": "ireland",
      "latitude": 53.3498053,
      "longitude": -6.2603097,
      "trip_id": "167848327546fef42c8a7637eab9608b9d50e29a597625c2f1"
    },
    {
      "epoch_start": 1452038400,
      "epoch_end": 1452643200,
      "date_start": "2016-01-06",
      "date_end": "2016-01-13",
      "length": "6 days",
      "epoch_duration": 604800,
      "place": "Virgin Gorda",
      "place_slug": null,
      "place_long_slug": null,
      "place_url": null,
      "place_photo": "https://nomadlist.com/cdn-cgi/image/format=auto,fit=cover,width=100,height=100/https://nomadlist.com/assets/img/places/british-virgin-islands.jpg?1659917442",
      "country": "British Virgin Islands",
      "country_code": "VG",
      "country_slug": "british-virgin-islands",
      "latitude": 18.448447,
      "longitude": -64.432262,
      "trip_id": "168432898330f4efac65259f8807ea67c34ba9831fa96d9342"
    },
    {
      "epoch_start": 1362700800,
      "epoch_end": 1363219200,
      "date_start": "2013-03-08",
      "date_end": "2013-03-14",
      "length": "5 days",
      "epoch_duration": 518400,
      "place": "Dominican Republic",
      "place_slug": null,
      "place_long_slug": null,
      "place_url": null,
      "place_photo": "https://nomadlist.com/cdn-cgi/image/format=auto,fit=cover,width=100,height=100/https://nomadlist.com/assets/img/places/.jpg?",
      "country": "",
      "country_code": "",
      "country_slug": "",
      "latitude": 18.6062576970524,
      "longitude": -70.1067224933053,
      "trip_id": "16843292011433b3686ba10ec021acdfdd3d254a4326a63556"
    }
  ],
  "frequent_visits": {
    "new-york-city-ny-united-states": 9,
    "los-angeles-ca-united-states": 4,
    "london-united-kingdom": 4,
    "boston-ma-united-states": 4,
    "amsterdam-netherlands": 3,
    "auckland-new-zealand": 2,
    "denver-co-united-states": 2,
    "playa-del-carmen-mexico": 2,
    "salt-lake-city-ut-united-states": 2,
    "antwerp-belgium": 2,
    "dublin-ireland": 1,
    "dubrovnik-croatia": 1,
    "venice-italy": 1,
    "granada-spain": 1,
    "tokyo-japan": 1,
    "seoul-south-korea": 1,
    "bangkok-thailand": 1,
    "hong-kong-hong-kong": 1,
    "toronto-canada": 1,
    "stockholm-sweden": 1,
    "split-croatia": 1,
    "budapest-hungary": 1,
    "cluj-romania": 1,
    "berlin-germany": 1,
    "munich-germany": 1,
    "istanbul-turkey": 1,
    "antalya-turkey": 1,
    "tel-aviv-israel": 1,
    "christchurch-new-zealand": 1,
    "queenstown-new-zealand": 1,
    "melbourne-australia": 1,
    "vancouver-canada": 1,
    "rapid-city-sd-united-states": 1,
    "cody-wy-united-states": 1,
    "sandpoint-id-united-states": 1,
    "missoula-mt-united-states": 1,
    "grand-junction-co-united-states": 1,
    "puerto-vallarta-mexico": 1,
    "park-city-ut-united-states": 1,
    "oslo-norway": 1,
    "tromso-norway": 1,
    "copenhagen-denmark": 1,
    "prague-czechia": 1,
    "brussels-belgium": 1,
    "luxembourg-luxembourg": 1,
    "vienna-austria": 1,
    "sofia-bulgaria": 1,
    "athens-greece": 1,
    "rome-italy": 1,
    "richmond-va-united-states": 1,
    "paris-france": 1,
    "strasbourg-france": 1,
    "bern-switzerland": 1,
    "geneva-switzerland": 1
  },
  "longest_stays": {
    "new-york-city-ny-united-states": 573,
    "vancouver-canada": 85,
    "playa-del-carmen-mexico": 79,
    "london-united-kingdom": 46,
    "tokyo-japan": 29,
    "seoul-south-korea": 28,
    "munich-germany": 28,
    "melbourne-australia": 28,
    "los-angeles-ca-united-states": 23,
    "amsterdam-netherlands": 23,
    "stockholm-sweden": 21,
    "cluj-romania": 20,
    "puerto-vallarta-mexico": 20,
    "tel-aviv-israel": 18,
    "bangkok-thailand": 15,
    "split-croatia": 15,
    "auckland-new-zealand": 15,
    "hong-kong-hong-kong": 14,
    "toronto-canada": 14,
    "budapest-hungary": 14,
    "copenhagen-denmark": 14,
    "prague-czechia": 14,
    "salt-lake-city-ut-united-states": 13,
    "boston-ma-united-states": 13,
    "istanbul-turkey": 11,
    "antwerp-belgium": 11,
    "oslo-norway": 9,
    "park-city-ut-united-states": 8,
    "berlin-germany": 7,
    "antalya-turkey": 7,
    "rapid-city-sd-united-states": 7,
    "tromso-norway": 7,
    "vienna-austria": 7,
    "athens-greece": 7,
    "rome-italy": 7,
    "denver-co-united-states": 6,
    "geneva-switzerland": 6,
    "grand-junction-co-united-states": 5,
    "sofia-bulgaria": 5,
    "dublin-ireland": 4,
    "venice-italy": 4,
    "granada-spain": 4,
    "cody-wy-united-states": 4,
    "dubrovnik-croatia": 3,
    "brussels-belgium": 3,
    "luxembourg-luxembourg": 3,
    "richmond-va-united-states": 3,
    "queenstown-new-zealand": 2,
    "sandpoint-id-united-states": 2,
    "missoula-mt-united-states": 2,
    "christchurch-new-zealand": 1,
    "paris-france": 1,
    "strasbourg-france": 1,
    "bern-switzerland": 1
  }
}